seq_name	sequence	per_CG	per_CA	per_TA	per_TG
1:74191551-74191600	ACACATACACTGACACACACCACACACACATATACCACGCATACATACA	2.08	31.25	10.42	2.08
1:76777401-76777700	CTGATGAGTTCTGAATTCGGCAGTTGAATCCTTCTCAACAGTCTGCTTTACGGGAACCTTTATCACCGTCGTTCCCCAGCTGATGAGTTCTGAATTCGGCAGTTGAATCCTTCTCAACAGTCTGTGTTACGGGAACCTTATAACCTTGATTCGCAGTTCTGGTTCTGGAATGAGGTATCCCTCCTGCGCCAGTCCGGAGTTTTTTCTCGTCCCGGATTTTCTCGTCCCGGAATTCGGCACCAATTGTTATTCGACGCGTTCTCACGACCGGCCAGGAAGAACACCACAGACCAGAATCT	6.38	6.04	2.35	5.7
1:81692651-81693100	GCTGGATCCTTCTCAGCAGTCTGTTTTACGGGAACCTTCATTACCACCGTTCCCCAGCTGAAGAGTTCTGAATCCACGCTGGATCCTTCTCAGCAGTTTGTTTTACGGGAACCTTTATTACCACCGTTCCCCAGCTGAAGAGTTCTGAATCCACGCTGGATCCTTCTCAGCAGTCTGTTTTACGGGAACCTTTATTACCATCGTTCCCCAGCTGAAGAGTTCTGAATCCACGCTGGATCCTTCTCAGCAGTCTGTTTTACGGGAACCTTCATTACCACCGTTCCCCAGCTGAAGAGTTCTGAATCCACGCAGTCGGATCCTTCTCAGCAGTCTGTTTTGCAGGAACACTTCATTACCACCGTTCCCCAGCTGAAGAGTTCTGAATCCATGCTGGATCCTTCTCAGCAGTCTGTTTTACGGGAACCTTCATTAACCGCTCCTTCCCCGTG	3.79	7.59	2.9	5.36
1:92527151-92527450	CGGGGAAGAAGGGGTTAATAAAGGTTCCCTTAAAACAGACTGTTGAGAAGGATCCAGCATGGATTCAGAACTCTTCAGCTGGGGAACGGTACTGATGAAGAGAAAGAAGAAAGATGAAGACTGAATAAACTGCTGTTAGAAGGACTGGTGGTCACGTCGTTCTTGCTGGTCGAGAGCGGGCGCGACAATTGGTGGCCCGTACGGGGAACCGACTCCCCCACCGAGTTCAGAACTTTCAGCAGTCAGTGGTTGCCGGCAGGGTAAGTTCAAGGTGAGTGAAACTTGTGACCCCAGGAGTT	4.36	5.03	2.68	7.38
1:132072551-132072600	CATATACACACACAAGTACACACTCACAGATACACTCACGCACATTCAC	2.08	29.17	8.33	0
1:139725051-139725400	TTCTTGCTCTCTCGCTTCTTGCACTCTGTTCCTGAAGATGTAAGAATAAAGCTTTGCCGCAGAAGATTCTGGTCTGTGGTGTTCTTCCTGGCCGGTCGTGAGAACGCGTCTAATAACAATTGGTGCCGAATTCCGGGACGAGAAAAAAAAACTCGGGACTGGCGCAAGGAGGATCCCTCATTCCGGAACCAGAACTGCGGATCACGTTTATAAAGGTTCCCGTAACACAGACTGTTGAGAAGGATTCAACTGCCGAATTCAGAACTCATCAGCTGGGGAACGACGGTGATAAAGGTTCCCGTAAAGCAGACTGTTAAGAAGGATTCAACTGTATGAATTCAGAACTTTT	5.46	4.6	3.16	6.9
1:166357451-166357500	ATTGGTGGCCCGTACGGGGAACCGACTCCCCCACCGAGTTCAGAACTTT	8.33	4.17	2.08	4.17
1:181751451-181752050	GTACATCTCATGTGACCCGTTCTCCCTAACATACATGTCATGTGACACATTCTCCCTAACGTGCATCTCATGTGACACGTTCTCCCTAACATACATGTCATGTGACACGTTCTCCCTAATGTACATCTCATGTGACACGTTCTCCCTAACGTACATGTCATGTGACACATTCTCCCTAACGTGCATCTCATGTGACACGTTCTCCCTAACATACATGTCATGTGACGCGTTCTCCCTAACATACATCTCATGTGACGTGTTCTCCCTAACATACATGTCATGTGACACATTCTCCCTAACGTGCATCTCATGTGACATGTTCTCCCTAACATACATGTCATGTGACACGTTCTCCCTAATGTACATCTCATGTGACACGTTCTCCCTAACATACATGTCATGTGACGCGTTCTCCCTAACATACATCTCATGTGACGTGTTCTCCCTAACATACATGTCATGTGACACATTCTCCCTAACGTGCATCTCATGTGACATGTTCTCCCTAACATACATGTCATGTGACGCATTCTCCCTAACATACCTGTCATGTGACACGTTCTCCCTAGGTGTTCTTGAGGCTCAAGAAGATTTTAAAT	3.34	11.2	5.85	10.03
1:188793451-188793600	TGTGTCTGTGTGTGTGTCTGTATGTGTCTGTGCGTGTGTGTCTGTGTGTCTGTGTATGTGTGTCTGTGTGTCTGTATGTGTCTGTGTGTGTCTGAATGTGTCTGTGTGTGTGTCTGCATGTGTCTGTGCGTGTGTGTCTGTGTGTCTGT	1.35	0.68	2.03	35.81
1:188793801-188793950	TGTCTGTATGTGTCTGTGCGTGTGTGTCTGTGTGTCTGTGTGTGTGTGTCTGTGTGTCTGTATGTGTCTGTGTGTGTCTGTATGTGTCTGTGTGTGTGTCTGTATGTGTCTGTGCGTGTGTGTCTGTGTGTCTGTGTGTGTGTCTGTGT	1.35	0	2.7	36.49
2:11744301-11745050	CACAGCGTATTCCTGTCTCCACTGCGTGTTCCTGTCTCCACTGCGTGTTCCTGTCTCCACTGCGTATTCCTGTCTCCACTGCGTATTCCTGTGTCCACTGCGTATTCCTGTCTCCACTGCGTATTCCTGTCTCCACTGCATATTCCTGTCTCCACTGCGTGTTCCTGTCTCCACTGCATATTCCAGTCTCCACTGCGTATTCCTGTGTCCACTGCGTATTCCTGTGTCCACTGCGTATTCCTGTCTCCACTGCATATTCCTGTCTCCACTGCGTATTCCTGTGTCCACTGCGTATTCCTGTGTCCACTGCGTATTCCTGTGTCCACTGCGTATTCCTGTCTCCACTGCATATTCCTGTGTCCACTGCGTATTCCTGTGTCCACTGCGTATTCCTGTCTCCACTGCGTATTCCTGTGTCCACTGCGTATTCCTGTGTCCACTGCGTATTCTTGTCTCTACTGCGTATTCCTGTCTCCACTGCGTGTTCCTGTCTCCACTGCATATTCCAGTCTCCACTGCGTATTCCTGTGTCCACTGCGTATTCCTGTGTCCACTGCGTATTCCTGTCTCCACTGCATATTCCTGTCTCCACTGCATATTCCTGTGTCCACTGCGTATTCCTGTGTCCACTGCGTATTCCTGTCTCCACTGCGTATTCCTGTGTCCACTGCGTATTCTTGTCTCCACTGCGTATTCCTGTCTCCACTGCGTATTCCTGTGTCCACTGCGTATTCTTGTCTCTACTGCGT	4.41	6.42	4.95	12.83
2:17612751-17613250	GTTTTCGTTTTTCTCTCTCTCTTGCTTCGCTCTCTCTTGCTTCTTGCTCTCTTGCTTCTTGCACTCTGTTCCTGAAGATGTAAGAATAAAGCTTTGCCGCAGAAGATTCTGGTCTGTGGTGTTCTTCCTGGCCGGTCGTGAGAACGCGTCTAATAACAATTGGTGCCGAATTCCGGGACGAGAAAAAAAAACTCGGGACTGGCGCAAGGAGGATCCCTCATTCCGGAACCAGAACTGCGGATCACGTTTATAAAGGTTCCCGTAACACAGACTGTTGAGAAGGATTCAACTGCCGAATTCAGAACTCATCAGCTGGGGAACGACGGTAATAAAGGTTCCCGTAAAGCAGACTGTTGAGAAGGATTCAACTACATGAATTCAGAACTTTTCAGCTGGGGAACGGTGGATACCAGTAAGTATAGCTTTACGAGGTACGCCTGGCCTTGAACTTTCTAACGAAATTCAAGACAGTCTATCAGAAGTAAAGTGGGGAATAGCT	4.82	4.42	4.22	6.22
2:27477351-27477500	GTGTGTGACTGTGCATGTGTGCGTAACTGTGTATGTGTGTAACTATGTGTGTGTAACTGTGTATGTGTATATAACTGTGTGTGTAACAGTGTATGTGTGTGTAACTGTAACTGTGTATAACTGTGTACATGTGCGTAACTATGTGTGTG	1.35	2.03	12.16	27.7
2:73817701-73817750	ACTAGTGGAAGATGCACACACACGCGCGCGCGCGCACACACACACACAC	12.5	22.92	2.08	4.17
2:83972351-83972500	AGCTTTAGGTAATTACGGAACTCTGAAGACTTGGGATAGACTAGGAGCCAGAGTGGGGGCGGCGGGTTGCTAGGTCGCGTGGAGAGGGCAGGGACTTGCGAGGGGCGCTTGCCCGGTGGGTCTTGCTTTTCTCACGTGGCTGCGCCGTC	7.43	2.03	4.05	7.43
2:98666651-98666850	CCTGGAATATGGAGAGAAAACTGAAAATCACGGAAAATGAGAAATACACACTTTAGGACGTGAAATATGGCGAGGAAAACTGAAAAAGGTGGAATATTTAGAAATGTCCACTGTAGGACGTGGAATATTGCAAGAAAACTGAAAATCATGGAAAATGAGAAACATCTACTTGACGACTTGAAAAATGACGAAATCACTA	3.03	4.04	5.05	9.09
2:98666951-98667250	ATGGCGAGGAAAACTGAAAAAGGTGGAAAATTTAGAAATGTCCACTGTAGGACGTGGAGTATGGCAAGAAAACTGAAAATCAAAGAAAACTGAAAATCATGGAAAATGAGAAACATCCACTTGACTACTTGAAAAATGACGAAATCACTAAAAAACGTGAAAAATGAGAAATGCACACTGAAGGACCTGGAATATGGCGAGAAAACTGAAAATCACGGAAAATGAGAAATACACACTTTAGGACGTGAAATATGGCGAGGAAAACTGAAAAAGGTGGAATATTTAGAAATGTCCACTGT	2.68	4.36	3.69	9.4
2:138517301-138517500	ATACGTTTCGACCCGGAGCTCCGCCATTAAAAAACCTCTTGTTGTTACATCAAGGTGTTGTGTTCTATTCGCGATTCTTGGGTGCACGCCGAATCGGGAGCTGAGTGGGGGTTTCCCCACTGAGTTCTTTCATTTGGAGGTTCCACCGAGATCTGCGTGACACCCAGGAACCCCGAAGGACCCCTTGGAGGTGCGTTTG	6.57	4.55	2.02	8.08
2:138517301-138517500	ATACGTTTCGACCCGGAGCTCCGCCATTAAAAAACCTCTTGTTGTTACATCAAGGTGTTGTGTTCTATTCGCGATTCTTGGGTGCACGCCGAATCGGGAGCTGAGTGGGGGTTTCCCCACTGAGTTCTTTCATTTGGAGGTTCCACCGAGATCTGCGTGACACCCAGGAACCCCGAAGGACCCCTTGGAGGTGCGTTTG	6.57	4.55	2.02	8.08
2:148410751-148411250	GGGCTGCAGCCAATCAGGGAGTGACACGTCCGAGGCGAAGGAGAATGCTCCTTAAGAGGGACGGGGTTTTCGTTTTCTCTCTCTCTTGCTTCTTGCTCTCTTTTCCTGAAGATGTAAGAATAAAGCTTTGCCGCAGAAGATTCTGGTCTGTGGTGTTCTTCCTGGCCGGTCGTGAGAACGCGTCGAATAACAATTGGTGCCGAATTCCGGGACGAGAAAATCCGGGACGAGAAAAAACTCCGGACTGGCGCAGGAGGGATACTTCATTTCAGAACCAGAACTGCGGATCACGTTTATAAAGGTTCCCGTAACACAGACTGTTGAGAAGGATTCAACTGCCGAATTCAGAACTCATCAGCTGGGGAACGACGGTGATAAAGGTTCCCGTAACACAGACTGTTGAGAAGGATTCAACTGCCGAATTCAGAACTCATCAGCTGGGGAACGACGGTGATAAAGGTTCCCGTAAAGCAGACTGTTAAGAAGGATTCAACTGTAT	5.82	5.02	2.81	6.02
2:158050751-158051200	TATGCATACTCATACATTATATATATACTCACACATATACGGCATATTTATATACATACTCATACATTATACATATACTCACACATATACGGCATATTTATATACATACTCATACATTATATATATACTCACACATATACGGCATATTTATATACATACTCATACATTATATATATACTCACACATATACGGCATATTTATATACATACTCATACATTATATATATACTCACACATATACGGCATATTTATATGCATACTCATACATTATATATATACTCACACATATACGGCATATTTATATACATACTCATACATTATACATATATACTCACACATATACGGCATATTTATATACATACTCATACATTATATATATACTCACACATATACGGCATATTTATATACATACTCATACATTATATATATACTCACACATATACGGCATAT	2.01	14.51	25.22	0.45
2:167990651-167990800	CACACAGCACACACGCATACACACACAGCACACACACATACACACACAGCACACATATACACACACAGCACACACATACACATATACACAGCACAGACACACATAGCACACACCACATACACACCACACACACATACGCATATACACAG	1.35	37.16	8.11	0
2:168619151-168619550	AGAGCCGACTCCACAAAGTCCTCTTCTGACCTACACACACGTGCCACAGCCCACACTCCCATATTACACACGCGTGCCACAGCCCACACTCCCATATTACACACGCGTGCCACAGCCCACACTCCCATATTACACACGCGTGCCACAGCCCACACTCCCATATTACACACGCGTGCCACAGCCCACACTCCCATATTACACACGCGTGCCACAGCCCACACTCCCATATTACACACGCGTGCCACAGCCCACACTCCCATATTACACACGCGTGCCACAGCCCACACTCCCATATTACACACGCGTGCCACAGCCCACACTCCCATATTACACACGCGTGCCACAGCCCACACTCCCATATTACACACGCGTGCCACAGCCCACACTCCCATATTACAC	5.53	20.35	5.78	3.02
2:172214951-172215000	CACACATATGCATACACACATATGCGTACACATACACACATATACATAC	2.08	27.08	16.67	4.17
3:16011801-16011850	AATTGTCGCGCCCGCTCTCGACCAGCAAGAACAACGCGACCACCAGTCC	12.5	10.42	0	2.08
3:52230501-52230600	CCAGAACTGCGGGTCATGGTAATGAAGTGTTCCCGTAAAACAGACTGTTGAGAAGGATTCAACTGCGTGAATTCAGAACTCTTCAGCTGGGGAATGGTG	3.06	6.12	2.04	11.22
3:84411001-84411050	CACATACACACACTCACACGTACTCACATGTTTACACACTTACACACAC	2.08	29.17	8.33	2.08
3:86825201-86825350	ATGTGTGTCTGCCTTCCGTACATTACACAAGTACACATGTGTGTGCCTGCCTTCCGTACACTACACAAGTACACATGTGTGTGCCTGCCTTCCGTACATTACACAAGTACACACGTGTGTGCCTGCCTTCCGTACATTACACAAGTACA	3.38	12.84	8.11	12.16
3:94109151-94109350	CCTCGAATAACTGGACCTGCTGGACGGGTCAAGTGGCGCCCGACGTGGAGCACGAGGTACGACTGCCCTCCGGACAACGGATTAAGGATTAAAGAGGTACCGCGCAGACAGAGAAACAGTGGGACAGTCCACCGACACTTCACTCGAGTGTCGAGTACGGACGTCGGGAGGTAAGCCTAGGCATTCAGTTGTTGTCCCA	8.59	6.57	4.04	5.05
3:96842701-96842750	GCTTGTAGGGATGGGGCGTGATGTGTGTGTCTGTGCACATGTATGTGGG	2.08	4.17	4.17	25
3:103955501-103956150	ATGTGACTCAATCGATAGAATACTTGCTCAGCATGTATTTTCTTTTCTTTTTTCTCTTTATATGTGTGTTGTACTAGTATGGTATTTGTACGTGTACTTGTGGATGTATGCACATGTGTTGTACGAGTATGGTATTTGTACGTGTACTTGTGGATGTATGCACATGTGTTGTACGAGTATGGTATTTGTACGTGTACTTGTGGATGTATGCACATGTGTTGTACGAGTATGGTATTTGTACGTGTACTTGTGGATGTATGTACATGTGTTGTACGAGTATGGTATTTGTACGTGTACTTGTGGGTGTATGCACATGTGTTGTAAGAGTATGGTATTTGTAAGTGTACTTGTGGATGTATGCACATGTGTTGTACGAGTATGGTATTTGTACGTGTACTTGTGGATGTATGCACATGTGTTGTACGAGTATGGTATTTGTACGTGTACTTGTGGGTGTATGCACATGTGTTGTACGAGTATGGTATTTTTACGTGTACTTGTGGATGTATGCACATGTGTTATACGAGTATGGTATTTGTACGTGTACTTGTGGGTGTATGCACATGTGTTGTACAAGTATGGTATTTGTACGTGTACTTGTGGATGTATGCACATGTGTTGTACGAGTATGGTATTTGTACGTGTACTT	3.24	3.86	12.19	18.36
3:104594901-104595150	GCAGTTCTGGTTCTGGAATGAAGTATCCCTCCTGCGCCAGTCCGGAGTTTTTTCTCGTCCCGGATTTTCTCGTCCCGGAATTCGGCACCAATTGTTATTAGACGCGTTCTCACGACCGGCCAGGAAGAACACCACAGACCAGAATCTTCTGCGGCAAAGCTTTATTCTTACATCTTCAGGAAAAGAGAGCAAGAAGCAAGAGAGAGAGAAAAGCAAGAGAGCGAGAAAAGCAAGAGAGAGAGAAAAGCA	5.24	7.26	2.02	2.42
3:116288151-116288200	CAACACATACACGGCACACTACACACACATCACTCGTACACAATACACA	4.17	31.25	8.33	0
3:116843451-116843750	ATAACTATCACACTCACAGACATAGATACGTAACTATCACACTCACAGACATGGATACATAACTATCACACTCACAGACATGGATACATAACGATCACACTCTCAGACATGGATACATAACTATCACACTCACAGACATGGATACATAATGATCACACTCACAGACACGGATACATAACTATCACACTCACAGACACGGATACATAACGATCACACTCACAGACACGGATACATAACTATCACACTCACAGACATGGATACATAACTATCACACTCACAGACACGGATACATAACTATC	2.35	19.46	10.07	2.01
3:138036401-138036550	CCTAGGCGGAGGATAATTCTCCTTAAAAGGGACGGGGTTTTGCCATTCTTTTTCTCTCTCTTGCTTTCTTGTTCTTGTTCTTTTTCTTGCTTTCTTGCTCTTGCTCTTGCTCTCTGGCTCCTGAAGATGTAAGCAATAAAGCTTTTGCC	1.35	1.35	3.38	8.11
4:3199951-3200150	CGCCACTTCTGGTGAGTGCAGGATCAAACCAGGAGAAATAGGGTTAACACAGCCAGCATGAGAACAAAAGGCTTTCAGTGCCGCCTTCCAGTTAAGGGGAGGGATTAAGAAGGATCAGAGTTACTTACAAGGATTCAGCATGCTCTCGGAATTCCAAATCCACCGTGGTTCTGAAATCTGCTCCGGTTGGTCGGAGGGT	3.03	8.59	3.03	5.05
4:4890101-4890550	TCATACAGTTGAATCCTTCTTAACAGTCTGCTTTACGGGAACCTTTATCACCGTCGTTCCCCAGCTGATGAGTTCTGAATTCGGCAGTTGAATCCTTCTCAACAGTCTGTGTTACGGGAACCTTTATAAACGTGATCCGCAGTTCTGGTTCTGAAATGAAGTATCCCTCCTGCGCCAGTCCGGAGTTTTTTCTCGTCCCGGATTTTCTCGTCCCGGAATTCGGCACCAATTGTTATTCGACGCGTTCTCACGACCGGCCAGGAAGAACACAACAACCAGAATCTTCTACGGCAAAGCTTTATTGCTTACATCTTATGGGGCCAGAGTGTAAGAAGCAAGAGAGAGCGAAAAGCAAGAGAGAGAGAAAACGAAAACCCTTTCCTCTTTAAAGAGAACAACAATTGCCTAGGACGCATCACTCCCTGATTGGCTGCAGCCCATGGCCGAGC	5.36	6.47	3.57	4.91
4:9728451-9728500	CTACTACAGGGAGGATTCAGAACTGCATCGCGGGGAAGGAGCGGTTAAT	6.25	6.25	6.25	2.08
4:19821551-19821700	TGTGTGTATGCGTGTGTGTATGTGTGTGTGTATGTGTGGTTATATGTTTGTGTATGTATGTGTGTGTATGTGTGTGTGTGTATGTGTGTGTGTATGTGTGTATGCGTGTGTGTGTATGTGTGTATATGTGTGTATGTGTGTGTGTATGT	1.35	0	10.81	36.49
4:33358601-33358850	TGCACACAAGTCCGTGGGAAGCATATGCACGTGTGTGTGAGGGTGTGTGCACACAAGTCCGTGGGAAGCATATGCACGTGTGTGTGAGGGTGTGTGCACACAAGTCCGTGGGAAGCATATGCACGTGTGTGTGAGGGTGTGTGCACACAAGTCCGTGGGAAGCATATGCACGTGTGTGTGAGGGTGTGTGCACACAAGTCCGTGGGAAGCATATGCACGTGTGTGTGAGGGTGTGTGCACACAAGTCCG	4.44	11.29	2.02	18.55
4:41455851-41456150	ATTGGCCTCAGGGCAATCGGCTACCAGGTGCACTCCCGCCCTATGCGGAGTCCCCGCCCTGCGTAGTGCGTCAGCCCGTAGTGCGTCAGCAATGCGCAGAGAGGCAGTGCGCAGACTCATTCATTCCCCGAGAGGAACAAAGGAAAATAGAACAGGCATTTCCAGTCTTTGAAGGAGCCGAGGGTGGGCGTGTCCACGCTCCGGTAGAATACGTACAGATTAAGGAAATTGCCGAGTCGGTTCGTAAATACGGAACCAATGCTAATTTTACCTTGGCGCAGTTAGACAGGCTCGCTGGC	7.38	7.05	4.7	5.03
4:68115601-68115950	AGGGACGGGGTTTTCGTTTCTCTCTCTCTCTTGCTTTTTCGCTCTCTTGCTTTTCTCTCTCTCTTGCTTTTCTCTCTCTCTTGCTTCTTGCTCTCTTTTCCTGAAGATGTAAGAATAAAGCTTTGCCGCAGAAGATTCTGGTCTGTGGTGTTCTTCCTGGCCGGTCGTGAGAACGCGTCGAATAACAATTGGTGCCGAATTCCGGGACGAGAAAATCCGGGACGAGAAAAAACTCCGGACTGGCGCAGGAGGGATACTTCATTCCAGAACCAGAACTGCGAATCAAGGTTATAAGGTTCCCGTAACACAGACTGTTGAGAAGGATTCAACTGCCGAATTCAGAACTCAT	5.46	3.45	2.01	6.03
4:120111951-120112200	CTCGGTGGGGGAGTCGGTTCCCCGTACGGGCCACCAATTGTCGCGCCCGCTCTCGACCAGCAAGAACGATGCGACCACCAGTCCTTCTAACAGCAGTTTATTCAGTCTTCATCTCTCTTCTTTCTCTTCATCAGTACCGTTCCCCAGCTGAAGAGTTCTGAATCCACGCCGGATCCTTCTCAACAGTCTGTTTCACGGGAACCTTTATTAACCCCTTCTTCCCCGTTATGCAGTTCTGAATCCTCCCTG	6.05	7.26	2.82	3.63
4:149881501-149881550	AACACACAGAGACGCATACACACAGAAACACAAATATAGACACACACAT	2.08	27.08	6.25	0
4:150514801-150515500	CGTCCAGGTGTTCGTGCAGGCATGTGTGTGTGTGTGTGTAAGGGGAAGGATACTGACGTCCAGGCGTCTGTGCAGGCATGTGTGTGTAAGGGGAAGGATACTGATGTCCAGGCATCTGTGCAGGCATGTGTGTGTGTGTGTAAGGGGAAGGATACTGTCGTCCAGGCGTCCGTGCAGGCATGTGTGTGTAAGGGGAAGGATACTGACGTCCAGGCGTCCGTGCAGGCATGTGTGTGTAAGGGGAAGGATACTGACGTCCAGGCGTCCGTGCAGGCATGTGTGTGTAAGGGGAAGGATACTGACGTCCAGGCATCCGTGCAGGCATGTGTGTGTAAGGAGAAGGATACTGACTTCCAGGCATCCGTGCAGGCATGTGTGTGTAAGGGGAAGGATACTGACGTCCAGGCATCCGTGCAGGCATGTGTGTGTAAGGAGAAGGATACTGACTTCCAGGCATCCGTGCAGGCATGTGTGTGTAAGGGGAAGGATACTGACGTCCAGGCGTCCGTGCAGGCATGTGTGTGTAAGGGGAAGGATACTGACGTCCAGGCATCCGTGCAGGCATGTGTGTGTAAGGGGAAGGATACTGACGTCCAGGCATCCGTGCAGGCATGTGTGTGTAAGGAGAAGGATACTGACGTCCAGGCATCCGTGCAGGCATGTGTGTGTAAGGGGAAGGATACTGACGTCCAGGCATCC	4.15	7.45	4.01	13.61
5:54551151-54551450	AGTCTGTTTTACGGGAACACTTTATTAACCCCTTCTTCCCCGTTATGCAGTTCTGAATCCTCCCTGTAGCAGGGGGTCTTCACTCATGCCTGAAGATGTTTCTTTTCCCGGGTTTCCTCGTCCCAGGTCTTCTCGTCCCAGGTCTTCTCGTCCCAGGTCTTCTCGTCCCGTCCCGAGTTTTTCTTCCCGGGTTTCAGCACCAACTGTTACGCGCGTTCACGCGACCAGGAAGAACGACGCTGCAACAGGATCTTTCTGCACACGTTTATTCAGTCCTGTTTCTTCTTGTTTATATCTCC	6.04	6.04	3.02	4.03
5:100017751-100017800	GGCGCACATCACCCACACAGAAACACATACATGCATGTACACATAAACA	2.08	27.08	6.25	4.17
5:106779901-106779950	GCACAATAAACACATACATATAAACACACACAGATGCACGCATGCACAC	2.08	27.08	8.33	4.17
5:117435051-117435150	CACACCCACACACTCACTCACACACACGCAGCCATACACATACACACTCACACACTCTCACGCACAGTCATATACATATTCACACACACTCTCACACAT	2.04	31.63	5.1	0
5:118534251-118534350	GTTGTGTGTATGTCATACGTGCTGTATGACGTGTATTATCTTCTATATGTGACATGTTTTACATATGTCATTGTGTCAAGTATGCTGTGTACGGTGTTC	3.06	5.1	11.22	18.37
5:119728701-119728750	TGTATAGGGGTATGAGTGTGTGTGTCTATGCGTGTGTACATGTGAGTGT	2.08	2.08	10.42	25
5:120640351-120640400	GCACACACATGCACAAACACGTGTGTACACACTCAAACATGCAAACATG	2.08	27.08	2.08	10.42
5:121036201-121036250	TGTGTATGTTTGTTTTGTGGTGTGTGTGTATGTATACGTGTTGTGTGTG	2.08	0	8.33	33.33
5:133954251-133954450	TCTGAATTCGGCAGTTGAATCCTTCTCAACAGTCTGTGTTACGGGAACCTTATAACCTTGATTCGCAGTTCTGGTTCTGGAATGAAGTATCCCTCCTGCGCCAGTCCGGAGTTTTTTCTCGTCCCGGATTTTCTCGTCCCGGAATTCGGCACCAATTGTTATTCGACGCGTTCTCACGACCGGCCAGGAAGAACACCAC	7.58	5.56	2.53	5.05
5:137488801-137488850	ACATACACACATACACACACAATACACATACGCACACATACACACATAA	2.08	33.33	12.5	0
6:13766951-13767100	GAGCAAGAAGCAAGAGAGAGAGAAAACGAAACCCCGTCCCTCTTAAGGAGCATTCTCCTTCGCCTCGGACGTGTCACTCCCTGATTGGCTGCAGCCCATCGGCCGAGTTGACGTCACGGGGAAGGCAGAGCACAAGTAGTCATAAGATA	6.08	7.43	2.7	3.38
6:26064751-26065000	GCAGAAGGATCCTGTAGCAGCGTCGTTCTTCCTGGCCTGTTGAGCGCGCGCAACAAGTGGTGCCGAAACCCGGGACAAGAAACATCTTCAGGCAAGAGCGAAGACCCCCTGCTACAGGGAGGATTCAGAACTGCATCACGGGGAAGGAGTGGTTAATAAAGTGTTCCCGTAAAACAGACTGTTGAGAAGGATCCGGCATGGATTCAGAACTCTTCAGCTGGGGAACGGTACTGATGAAGAGAAAGAAGA	4.84	6.45	2.42	6.45
6:35702851-35702950	CCGTACGGGCCACCAATTGTCGCGCCTGCTCTCGACCAGCAAGAACGACGCGACCACCAGTCCTTCTAACAGCAGTTTATTCAGTCTTCATCTTTCTTC	8.16	10.2	3.06	2.04
6:50608901-50609850	CACAATGGGAGGAAAGCCTGAAGGAGCTCGATAGGGCTCGATCCATATACGAGCGTGCTTTAGATGTGGACTACCGCAATCTTACCCTCTGGCTGAAATACGCAGAGATGGAGATGAAGAACCGCCAGGTCAACCATGCCCGAAACATCTGGGACCGTGCCATCACAACTCTGCCCCGAGTCAAGCAGTTGTGGTACAAGTACACGTACATGGAGGAGCTGTTGGGCAACGTCGCTGGTGCTCGTCAGGTGTTTGAGCGCTGGATGGAATGGCAGCCTGAGGAGCAGGCCTGGCACTCGTACATCAACTTGGAGCTGAGGTACAAAGAGGTGGAGCGGGCCCGCACCATTTATGAACGCTTTGTGCTCGTGCACCCTGCTGTGAAGAACTGGATCAAGTATGCTCGGTTTGAAGAGCGGCACGCTTCTGTTGCTCATGCGCGGAAAGTCTACGAGAGGGCCGTGGAGTTTTTCGGGGAGGAGCATATGGACCAACACCTCTATGTGGCCTTTGCAAAATTCGAGGAGAATCAGAAAGAACTGGAAAGGGTGCGAGTTATCTACAGATATGCCCTGGATAGGATTTCCAAACAGGAGGCCCAAGAACTCTTGACAAACTACACCATCTTTGAGAAGAAGTTTGGTGAGCGGAGGGATGTAGAAGAGAGCATCGTGAGAAAACGCCGATTCCACTACGAAGAAGAAGTGAAGGCTAATCCGCACAATTACGACGCGTGGTTTGATTACTTACGCTTGGTGGAAAGTGAGGCAGAAGCCGACACCGTGCGGGAAGTCTATGAGAGAGCCATCGCCAGTGTGCCACCGGTGCTGGAGAAGAGGCACTGGAAGCGCTACATCTACCTCTGGGTTAACTATGCGCTCTATGAAGAGCTGGAGGCCAAGGATCCCGAGAGGACGAGACGCGTCTATCAAGCGTCTCTGCAGCTCAT	5.49	6.12	3.69	8.02
6:50620601-50621000	ATTCTTCTGCCGTATTTCAAACTGGGCGTAATACAACCACATTTTGGCAAAGGTGAACTTTGTGTGAGGAATGAGCTGCAGAGACGCTTGATAGACGCGTCTCGTCCTCTCGGGATCCTTGGCCTCCAGCTCTTCATAGAGCGCATAGTTAACCCAGAGGTAGATGTAGCGCTTCCAGTGCCTCTTCTCCAGCACCGGTGGCACACTGGCGATGGCTCTCTCATAGACTTCCCGCACGGTGTCGGCTTCTGCCTCACTTTCCACCAAGCGTAAGTAATCAAACCACGCGTCGTAATTGTGCGGATTAGCCTTCACTTCTTCTTCGTAGTGGAATCGGCGTTTTCTCACGATGCTCTCTTCTACATCCCTCCGCTCACCAAACTTCTTCTCAAAGATGGT	6.03	7.04	4.02	5.78
6:50621151-50621650	AACTCCACGGCCCTCTCGTAGACTTTCCGCGCATGAGCAACAGAAGCGTGCCGCTCTTCAAACCGAGCATACTTGATCCAGTTCTTCACAGCAGGGTGCACGAGCACAAAGCGTTCATAAATGGTGCGGGCCCGCTCCACCTCTTTGTACCTCAGCTCCAAGTTGATGTACGAGTGCCAGGCCTGCTCCTCAGGCTGCCATTCCATCCAGCGCTCAAACACCTGACGAGCACCAGCGACGTTGCCCAACAGCTCCTCCATGTACGTGTACTTGTACCACAACTGCTTGACTCGGGGCAGAGTTGTGATGGCACGGTCCCAGATGTTTCGGGCATGGTTGACCTGGCGGTTCTTCATCTCCATCTCTGCGTATTTCAGCCAGAGGGTAAGATTGCGGTAGTCCACATCTAAAGCACGCTCGTATATGGATCGAGCCCTATCGAGCTCCTTCAGGCTTTCCTCCCATTGTGCGTATTTGATCCAGTTGCTAATCACAGTCC	5.62	9.44	3.41	6.63
6:67710301-67710500	CGCTCTCGACCAGCAAGAACGACGCGACCACCAGTCCTTCTAACAGCAGTTTATTCAGTCTTCATCTTTCTTCTTTCTCTTCATCAGTACCGTTCCCCAGCTGAAGAGTTCTGAATCCACGCCGGATCCTTCTCAACAGTCTGTTTTACGGGAACACTTTATTAACCGCTCCTTCCCCGTGATGCAGTTCTGAATCCTT	5.56	8.08	3.03	3.03
6:134691751-134692150	AGCAACCACTGACTGCTGAAAGTTCTGAACTCGGTGGGGGAGTCGGTTCCCCGTACGGGCCACCAATTGTCGCGTCTGCTCTCGACCAGCAAGAACGACACGACCACCAGTCCTTCTAACAGCAGCTTATTCAGTCTTCATCTTTCTTCTTTCTCTTCATCAGTACCGTTCCCCAGCTGAAGAGTTCTGAATCCACGCCGGATCCTTCTCAACAGTCTGTTTTACAGGAACCTTTATTAACAGCTCCTTCCCCATGATGCAGTTCTGAATCCTCCCTGTAGCAGGGGGTCTTCGCTCGTGCCTGAAGATGTTTCTTGTCCCGGGTTTCGGCACCAACTCTCGAGCGCGCCCCCAACTCGCCAGCAAGAACGACGCTGCTACAGGATCCTTCTGCACACG	5.78	8.04	2.26	5.03
6:136328501-136328950	GTAAATAAAAAATTTTAAGGTCTTTCAGCGGAATCGGGATCATGGCGACCACGACCAGGATGGCGACGTCTGGCTCGGCGCGGAAGCGGCTGCTCAAAGAGGACGGCATGACCAAAGTGGAGTTCGAGACCAGCGAGGAGGTGGACGCGACCCCCACGTTCGACACCATGGGCCTGCGAGAGGACCTGCTGCGCGGCATCTACGCCTACGGTTTTGAAAAACCTTCAGCGATCCAGCAGCGTGCTATCAAGCAGATAATGAAAGGGAGAGATGTCATCGCACAGTCTCAGTCTGGCACAGGCAAGACGGCCACCTTCAGTATCTCAGTGCTCCAGTGCTTGGATATCCAGGTTCGAGAAACCCAAGCTTTGATCCTGGCTCCAACCAGAGAGTTAGCGGTGCAGATTCAGAAGGGTCTGCTCGCTCTGGGAGATTACATGAACGTGCAG	6.7	8.04	2.46	5.8
6:143441851-143441950	GTATGAGTGTGAGTGTAGTGTGGGGAGCCGCCCTCACATTCGCCGTTGCAAGATGGCGCTGACATCCTGTGTTCTAAGTGGTAAACAAATAATCTGCGC	5.1	5.1	5.1	13.27
7:4199801-4200150	TCCGCAGTTCTGGTTCCGGAATGAGGGATCCTCCTTGCGCCAGTCCCGAGTTTTTTTCTCGTCCCGGAATTCGGCACCAATTGTTATTAGACGCGTTCTCACGACCGGCCAGGAAGAACACCACAGACCAGAATCTTCTGCGGCAAAGCTTTATTTCTTACATCTTCAGGAGCCAGGGTGCAGGAAGCAAGAGAGCAAGAAGCAAGAGAGAGAGAAAAACGAAACCCCGTCCCTCTTAAGGAGCATTCTCCTTCGCCTCGGACGTGTCACTCCCTGATTGGCTGCAGCCCATCGGCCGAGTTGACGTCACGGGGAAGGCAGAGCACAAGTAGTCATAAGATACCCTTGG	6.03	7.76	2.3	3.45
7:6251701-6251950	CACTGACTGCTGAAAGTTCTGAACTCGGTGGGGGAGTCGGTTCCCCGTACGGGCCACCAATTGTCGCGCCCGCTCTCGACCAGCAAGAACGACGCGACCACCAGTCCTTCTAACAGCAGTTTATTCAGTCCTCATCTTTCTTCTTTCTCTTCATCAGTACCGTTCCCCAGCTGAAGAGTTCTGAATCCACGCCAGATCCTTCTCAACAGTCTGTTTTACGGGAACACTTTATTAACCCCTTCTTCCCCG	6.05	7.66	2.82	3.63
7:79341951-79342150	GTTGAATCCTTCTCAACAGTCTGTGTTACGGGAACCTTATAACCTTGATTCGCAGTTCTGGTTCTGGAATGAAGTATCCCTCCTGCGCCAGTCCGGAGTTTTTTCTCGTCCCGGATTTTCTCGTCCCGGGTTTCGGCACCAATTGTTATTCGACGCGTTCTCACGACCGGCCAGGAAGAACACCACAGACCAGAATCTT	7.07	6.06	2.53	4.55
7:126900151-126900450	TCCTAGGAAGATTATTCACCCCTGACTACGACACCCGTATTCCTAGGAAGATTATTCACCCCTGACTACGACACCCGTATTCCTAGGAAGATTATTCACCCCTGACTACGACACCCGTATTCCTAGGAAGATTATTCACCCCTGACTACGACACCCGTATTCCTAGGAAGATTATTCACCCCTGACTACGACACCCGTATTCCTAGGAAGATTATTCACCCCTGACTACGACACCCGTATTCCTAGGAAGATTATTCACCCCTGACTATGACACCCGTATTCCTAGGATTATTCACAAG	4.36	5.37	10.07	2.68
7:128204251-128204450	TGCGTGCCTGTGTGTGTATATATGAGTGCGCATATGTACATGTGTATATGACTGTGTGTGTGCATGTGTGCGCACATGCATGCACATGTGTGTGTTTGTGTGTATTGTGTGCCTGTGTGCATGAGTGTTTGTGTGCACATGTGTGTATATGAGTGCGCATATGTGCATATGTATATGACTGTGTGTGTGCGTGTGTGTG	2.53	6.57	7.07	29.29
7:133593101-133593150	AAACACGCACACACATACACACACACTGACACACACACATACACACACA	2.08	37.5	4.17	2.08
7:137642051-137642250	GGGACGAGAAAATCCGGGACGAGAAAAAACTCCGGACTGGCGCAGGAGGGATACTTCATTCCAGAACCAGAACTGCGAATCAAGGTTATAAGGTTCCCGTAACACAGACTGTTGAGAAGGATTCAACTGCCGAATTCAGAACTCATCAGCTGGGGAACGACGGTGATAAAGGTTCCCGTAAAGCAGACTGTTGAGAAGG	5.56	6.06	3.03	4.55
7:139426751-139426800	GAACCTTTATCAACCACTCCTTCCCCGCGATGCAGTTCTGAATCCTCCC	4.17	6.25	2.08	4.17
8:3338451-3338700	AGTGATGCGCCCTAGGCAATGGTTGTTCTCTTTAAAATAGAAGGGGTTTCGTTTTTCTCTCTCTCTTGCTTCTCTCTCTTGCTTCTTACACTCTGGCCCCAAAAAGATGTAAGCAATAAAGCTTTGCCGTAGAAGATTCTGGTTGTTGTGTTCTTCCTGGCCGGTCGTGAGAACGCGACGAATAACAATTGGTGCCGAATTCCGGGACGAGAAAAAACTCCGGACTGGCGCAGGAGGGATACTTCATTT	5.24	2.82	3.63	7.26
8:22106851-22106950	TACACATGCACACACATACATACATACACACATATATATATATACACACGCACATACATACACACACATACATACAAACACGCGCACACACACATACAG	3.06	29.59	15.31	1.02
8:25879001-25879100	AAGAGTGCTTGCCTGGCATTCGTAAATCTCTGTGTTCAGTTCCCACCACCATACATACACATACACGTACACGTATACACACACACACATACACACATA	3.06	19.39	9.18	5.1
8:27074051-27074100	TGTGAGTGTGTGAGTGTGTGAGTGTGTGTGTATGTTAGTCGTGTGTGTG	2.08	0	4.17	35.42
8:27074401-27074450	TATGTTAGTCGTGTATGTGAGTGTGTGAGTGTGTGTATGTTAGTCATGT	2.08	2.08	10.42	25
8:34246151-34246300	CAGTCTGTTTTACGGGAACCTTTATTAACCACTCCTTCCCCGTGATGCAGTTCTGAATCCTCCCTGTAGCAGGGGGTCTTCGCTCGTGCCTGAAGATGTTTCTTGTCCCGGGTTTCGGCACCAACTGTCGAGCGCGCCCCCAACTCGCC	6.76	4.73	2.7	6.76
8:78061151-78061250	AATGGCGCTGCTTTTATAACCCGCAGCGTGACGTTTCAGCACCTGATATGGCGTGACAGCTCCTGATTCGTTGCTCGCCCATCACCCCCCTATTACACC	7.14	7.14	5.1	8.16
8:117729451-117729750	TGAACGTGTGTGTTTGCGTGTGTGGCTGTGAGAGCATGTGTGTGTCTGTGTGTGAGCATGTGTATCTGTGTGTATAATGTGTGAGTGTGTGTATATATGTGTGGTGTATGTATATGTGATGTGTGTATGTGCCCTGTGTCTGTGTGCGAGGGTGTATGGTATGTGTGCTTGATGTATGTGAGTGTGAATGTGTATATATGTGTGCATTCAAGAGCATGTGTGTGTGGTGTATGTGGGTGAGTGCGTGTATATGTGTGTGATGTGTAGTAAATGTGTGTGTGAGCATGAGTACGTGTGTA	1.68	2.01	7.72	29.19
8:118439051-118439250	CATACACAGATACTGCACACAAATAACACACATGCGCACACACATGCATACATGCTACATATACTACACATACAATATACACATACTACATGCACACACATATACTACATACTCATGTACACGCATATACTACATGCACATGTACATAACACACATACACACATATGCACACGTACTACATATACTACACATACTATAC	1.52	22.73	16.67	4.55
8:124507351-124507400	ACACGTACATACACATACACACACATAAACACACATACACATATACACA	2.08	31.25	14.58	0
8:126868601-126868650	ACTCACACATACACACACATGCATGGGCACACACACATACGCACACATA	2.08	33.33	6.25	4.17
9:4238701-4239100	GACGAGAAAACCCAGGACGAGAAGACCTGGGACGAGAAAATCCGGGAAGAAAAAACCCGGGAAAAGAAACATCTTCAGGCACGAGCGAAGACCCCCTGCTACAGGGAGGATTCAGAACTGCATCACGGGGAAGGAGTGGTTAATAAAAGTTCCCGTAAAACAGACTGTTGAGAAGGATCTGGCGTGGATTCAGAACTCTTCAGCTGGGGAACGGTACTGATGAAGAGAAAGAAGAAAGATGAGGACGGAGTAAACTGCTGTTAGAAGGACTGGTGGTCGCGTCGTTCTTGCTGGTCGAGAGCGGGCGTGACAATTGGTGGCCCGTACGGGGAACCGACTCCCCCACCGAGTTCAGAACTTTCAGCAGTCAGTGGTTGCCGGCAGGGTAAGTTCACGGTG	6.03	4.77	2.26	6.03
9:21521251-21521450	GAACTCGGTGGGGGAGTCGGTTCCCCGTACGGGCCACCAATTGTCGCGCCTGCTCTCGACCAGCAAGAACGATGCGACCACCAGTCCTTCTAACAGCAGTTTATTCCGTCTTCATCTTTCTTCTTTCTCTTCATCAGTACCGTTCCCCAGCTGAAGAGTTCTGAATCCATGCCGGATCCTTCTCAACAGTCTGTTTTAC	6.06	7.58	2.53	4.04
9:32354651-32354700	GTGTGTGTGTGTGTGTGTGTGTGTGTGTGTGTGTGTGTGTGTGTGTGCG	2.08	0	0	47.92
9:32355651-32355700	TGTGTGTGTGTGTGTGTGTGTGTGTGTGTGTGTGTGTGTGTGCGTGTGT	2.08	0	0	47.92
9:32356001-32356050	TGTGTGTGTGTGTGTGTGTGCGTGAGTGTGTGTGTGTGTGTGTGTGTGT	2.08	0	0	45.83
9:46964951-46965000	GTGTGTGAGAGAGAGTATGTATATGAGAGTGTATATGTTTTTGTTAGCG	2.08	0	12.5	16.67
9:46965101-46965200	GTGTACGTGTAAGAGAGTACGTATATGAGCATGTGTATGTTTTTGTTAGTGTGTGTGTATGTGAGAGTGTGTGAATGTGCGTATGTGTGATTGTGTGTA	3.06	1.02	10.2	24.49
9:61567201-61567250	ATTGTACACACGCTATACACACACACACCTACACACACTATACACACAC	2.08	27.08	12.5	2.08
9:102758051-102758200	ACACACATCTACACATTCAGCACATGTGCACACCATACATACGTGCATACCACCACAATACCCACCACGCACATACACACACATACACACACCACACTCTTACACACATACACACACCATGTACACTCCCTTCATACGTGTACAGAATG	2.03	26.35	8.11	4.05
9:111014651-111014700	TATATATGTATATGTATGTATGTGTGTATATCTGTGCGTGTTTGTCTGT	2.08	0	18.75	22.92
9:111014851-111014900	GTATGTGTGTGTGAGTGTGTGTCTGGTCTGTATGTATGCGTAGTATGCA	2.08	2.08	10.42	27.08
9:122439351-122439550	GTAAAACAGACTGTTGAGAAGGATCCGGCGTGGATTCAGAACTCTTCAGCTGGGGAACGGTACTGATGAAGAGAAAGAAGAAAGATGAAGACTGAATAAACTGCTGTTAGAAGGACTGGTGGTCGCATCGTTCTTGCTGGTCGAGAGCAGGCGCGACAATTGGTGGCCCGTACGGGGAACCGACTCCCCCACCGAGTTC	6.06	3.54	2.53	8.08
10:7367451-7367550	ATGTGCTCTGCCTTTCTCGTGATGACAACTGGGCCGATGGGCTGCAGCCAATCAGGGAGTAACACGTCCTAGGCGGAGGATAATTCTCCTTAAAAGGGA	4.08	5.1	4.08	8.16
10:23459351-23459850	GCCGTGTGTGCCGCGAGCAATCGCCATTATAAGATGGCGCGGGCCTCCGCTGTGCCTAACTAGTAAACAAGTCCTGTACGCAGGTGCAAGAGTGAATTCACTCCTAGTCACTCCCATTCTCGGGGTGTAATAGTGGGGTGATGGGCAAGCAACGAACCAGGAGCTGTCACGCCATATCAGGTGCTGAAACGTCACGCTGCGGGTTATAAAAGCAGCGCCATTTTCCCGGTTTGGGATCTTCCTGAGAAGCAAGCAATAAAGCTTTTGCCGTGGAAGATTCTGGTTTGTTGCGTCTTTCTTGCCGGTCGAGCGGGACGCAATAAGTGGCACCGACGAACCCGGGAACTGTCATCACACCGGCGCAAGGAAGATCCCTCGTTTGCGGGGCAGAATCAGAACCGTGGGACAAAAGGCTCTACAAGGTACGTACAATCTTGAAATTTCTTCAGAGTTAGAAGCCCTTTTGATTGTTTGCACGGCGATTATGAGGACTGTCAGC	6.63	6.63	3.82	7.03
10:25458601-25458900	GAGGTCACATCAGTCAGGGTCGGGGGCGGAGTTCATATGACTTGTGCGAGGTCACGTCAGTCAGGGTCGGGGGCGGAGTTCATATGACTTGTGCGAGGTCACGTCAGTCAGGGTCGGGGACGGAGTTCATATGACTTGTGCGAGGTCACGTCAGTCAGGGTCGGGGGCGGAGTTCATATGACTTGTGCGAGGTCACGTCAGTCAGGGTCGGGGGCGGAGTTCATATGACTTGTGCGAGGTCACATCAGTCAGGGTCGGGGGCGGAGTTCATATGACTTGTGCGAGGTCACATCAGTCAG	7.38	10.07	2.01	6.04
10:39971401-39972150	TGTAAGATCTCTGCACACACTGTCTCGTACTTACACATGACGTAAGATCTCTACACACACCGTCTCATACTTACACATGATGTAAGATCTCTACACACACCGTCTCATACTTACACATGACGTAAGATCTCTGCACACACTGTCTCGTACTTACACATGACGTAAGATCTCTGCACACACTGTCTCGTACTTACACATGACGTAAGATCTCTACACACACCGTCTCATACTTACACATGATGTAAGATCTCTACACACACCGTCTCATACTTACACATGACGTAAGATCTCTGCACACACTGTCTCGTACTTACACATGACGTAAGATCTCTACACACACCGTCTCATACTTACACATGATGTAAGATCTCTACACACACCGTCTCATACTTACACATGACGTAAGATCTCTGCACACACTGTCTCGTACTTACACATGACGTAAGATCTCTGCACACACTGTCTCGTACTTACACATGACGTAAGATCTCTACACACACTGTCTCATACTTACACATGACGTAAGATCTCTACACACACTGTCTCGTACTTACACATGACGTAAGATCTCTACACACACTGTCTCATACTTACACATGATGTAAGATCTCTACACACACCGTCTCATACTTACACATGACGTAAGATCTCTACACACACTGTCTCATACTTACACATGACGTAAGATCGCTGCACACACTGTCTCGTACTTACACATGACAGCCAACCAGGCACATTAGCAAAGGCTT	3.88	14.17	8.82	5.48
10:62223901-62223950	GTATATACACACACACACACACACACATATGAACACATACACACACACA	0	35.42	10.42	2.08
10:62608951-62609550	TAAACAAATAATCTGCGCATGTGCCAAGGGTATTTTATGACTACTTGTACTCTACCTTTCCCGTGAACGTCAGCTCGGCCATGGGCTGCAGCCAATCAGGGAGTGATGCGTCCTAGGCGAAATATAACGCTCCTAAAAAAGGGGACGGGGTTTTCCGCCATTCTCTCTCGCTGGCATCTCTCTGGCTCTGCGCGCCCTGCGCTCTCTCGCTGCCTAAAGATGTAAACAATAGAGCACGCTCTGCGCTTTGGCGCGCCGGAGCTCTGGCTCCTAAAAATATAGAAGGGGCTTTCGTTTTTGGGGCTGGGCGCTGGGCGCTTGCCCTCCTGGCTCCCAAAGATGTAAGCAATAAAGTTTTGCCGCAGAAGATTTTGGTCTGTTGTGTTCTTCCTGGCCGGGCGTGAGAACGCTATTAAGAATTGGTGCTGAAACCCGGGACGAGAAAATCCGGGACGAGAAATTCCGGGACGAAAAAAAAATCCGGGAAGAAAAAACCCGGGAGGAAACTCGGGACGGGAGTTTCACCGGCGCAAGGAAGATCCCTCATTCCAGAACCAGAACTGCGGGTCGCGGTAATAAAGGTTCCCGTAAAGCAGACT	7.02	3.51	4.01	6.02
10:67942951-67943150	TGTGTGTGCATATACGTGTGTTGTCTATGTGTGAATGTGTGTGTGTGTGCATATACGTGTGTTGTCTATGTGTGAATGTCTGTGTGTGTGCATATACTTGTGTTGTCTATGTGTGAATGTGTGTGTGTGCATATACGTGTGTTGTCTATGTGTGAATGTCTGTGTGTGGGCATATACGTGTGTTGTCTATGTGTGAATG	2.02	2.53	7.58	29.8
10:78937751-78937950	CAGCGTCGTTCTTCCTGGCCAGTCGAGCGCGCGCAAGAAGTGGTGCCGAAAACCCGGAAAAAGAAACATCTTCAGGCACGAGCGAAGACCCCCTGCTACAGGGAGGATTCAGAACTGCATCACGGGGAAGGAGCGGTTAATAAAGGTTCCCGTAAAACAGACTGTTGAGAAGGATCCAGCATGGATTCAGAACTCTTCA	6.57	7.58	2.02	4.04
10:80973401-80973450	ACACATACATATACACACACGTGCACATACCATGTACCATGCACACAAA	2.08	27.08	10.42	6.25
10:95865401-95865500	TGTGTGTATGCATGTGTATGTGTGTATGGGTATGTGTATACCTATGCGTGTGTGTATATGTCCACATGTGTGTATGTGTGTATATGCGTGTCTCTGTGT	2.04	3.06	12.24	27.55
10:104666251-104666300	GTGTATGTGTGTGTGTATATGTGTGTGTATGTGCGTATGTGTGTGTATG	2.08	0	12.5	35.42
10:126922251-126922300	CATAGACAAAAACACGCATACACACACGCAACAGAGACACAAACATACA	4.17	27.08	6.25	0
11:3825051-3825100	CATACACCTCCCGGTCAGGGCTACCGAGGAGTACCCTACACATACACCT	4.17	12.5	10.42	0
11:22339951-22340350	GCTTTACGGGAACCTTTATCACCGTCGTTCCCCAGCTGATGAGTTCTGAATTCGGCAGTTGAATCCTTCTCAACAGTCTGTGTTACGGGAACCTTATAACCTTGATTCGCAGTTCTGGTTCTGGAATGAGGGATCTTCCTTGCGCCAGTCCCGAGTTTTTTCTCGTCCCGGATTTTCTCGTCCCGGAATTCGGCACCAATTGTTATTCGACGCGTTCTCACGACCGGCCAGGAAGAACACCACAGACCAGAATCTTCTGCGGCAAAGCTTTATTCTTACATCTTCAGGAAAAGAGAGCAAGAAGCAAGAGAGCGAGAAAAGCAAGAGAGCGAAGCAAGAGAGAGAGCGCGAGACAAGAGAGAGAGAGAACGAAACCCCGTCCCTCTTAAGGAGCATTCT	6.28	6.03	2.26	3.27
11:49445601-49445650	GCAACGGACAGGTACACATGCTAGCGCTAGCTTAAAATTTCAGTTTTGT	4.17	10.42	8.33	4.17
11:61594201-61594250	TGTTGAGAAGGATCCGGCGTGGATTCAGAACTCTTCAGCTGGGGAACGG	6.25	4.17	0	8.33
11:67678801-67678850	TATGTATGTGTGTGTCTATGTGTGTCTGTGTGTATGTATGTGCGTGTAT	2.08	0	12.5	31.25
11:72468001-72468050	CACTATCTCTTACACACAGTCACACATACTCTCACACACACACGCACAC	2.08	29.17	6.25	0
11:73740251-73740550	TTACTGGTATCCACCGTTCCCCAGCTGAAAAGTTCTGAATTCATGCAGTTGAATCCTTCTTAACAGTCTGCTTTACGGGAACCTTTATTACCGCGACCCGCAGTTCTGGTTCTGGAATGAGGGATCTTCCTTGCGCCAGTGATGGTAAACTCTCGTCCCGAGTTTTTTCTCGTCCCGGAATTCGGCACCAATTGTTATTAGACGCGTTCTCACGACCGGCCAGGAAGAACACCACAGACCAGAATCTTCTGCGGCAAAGCTTTATTTCTTACATCTTCAGGAGCAAGCGTGTAAGAAGC	5.7	6.38	4.03	5.03
11:74376701-74376750	CACACAGCATACACATACAACATACACAAACACACATGCGTACAACACA	2.08	33.33	8.33	2.08
11:116944051-116944100	CACACACAGTCGCACATACACACGCACACACACAGACATACAGTCACAT	4.17	35.42	4.17	0
11:120043151-120043200	TATGTATGTGTGTGTATGTATGCGTGTGTGTGTATGTATGTGTGTATGT	2.08	0	14.58	33.33
12:5054301-5054500	ACCGTTCCCCAGCTGAAGAGTTCTGAATCCACGCCAGATCCTTCTCAACAGTCTGTTTTACGGGAACCTTTATTAACCACTTCTTCCCCGTTATGCAGTTCTGAATCCTTCCTGTAGCAGGGGCTCTTCGCTCTTGCCTGAAGATGTTTCTTTTCCCGGGTTTCTCGTCCCGTGTTTTCTCGTCCCAGGTCTTCTCGTC	5.05	4.55	2.53	5.05
12:22440901-22440950	GTGTGCGTGTTTTTGTGGGGGCATGGTTATGTGTGTGTGTTTGGTGTAT	2.08	2.08	4.17	27.08
12:23775301-23775350	TGGTATATGTGCGTGTGCGTGCTTTTGTGGGGGCATGATTATGTGTGTG	4.17	2.08	6.25	27.08
12:23801951-23802200	AATAAAAGTTCCTGTAAAACAGACTGTTGAGAAGGATCCGGCGTGGATTCAGAACTCTTCAGCTGGGGAACGGTACTGATGAAGAGAAAGAAGAAAGATGAAGACTGAATAAACTGCTGTTAGAAGGACTGGTGGTCGCATCGTTCTTGCTGGTCGAGAGCAGACGCGACAATTGGTGGCCCGTACGGGGAACCGACTCCCCCACCGAGTTCAGAACTTTCAGCAGTCAGTGGTTGCCAGCAGGGTAAG	4.84	5.24	2.82	7.66
12:36105201-36106400	ATCTGTACCTCAACGTCCTAACTGAACTCTACATGCAAGACCTACTATGGTCACCTTAGCGCAAGAGCACGCGGATCTGTACCTCAACGTCCTAACTGAACTCTACATGCAAGACCTACTATGGTCACCTTAGCGCAAGAGCACGCGGATCTGTACCTCAACGTCCTAACTGAACTCTACATGCAAGACCTACTATGGTCACCTTAGCGCAAGAGCACGCGGATCTGTACCTCAACGTCCTAACTGAACTCTACATGCAAGACCTACTATGGTCACCTTAGCGCAAGAGCACGCGGATCTGTACCTCAACGTCCTAACTGAACTCTACATGCAAGACCTACTATGGTCACCTTAGCGCAAGAGCACGCGGATCTGTACCTCAACGTCCTAACTGAACTCTACATGCAAGACCTACTATGGTCACCTTAGCGCAAGAGCACGCGGATCTGTACCTCAACGTCCTAACTGAACTCTACATGCAAGACCTACTATGGTCACCTTAGCGCAAGAGCACGCGATTCTGTACCTCAACGTCCTAACTGAACTCTACATGCAAGACCTACTGTGGTCACCTTAGCGCAAGAGCACGCGGATCTGTACCTCAACGTCCTAACTGAACTCTACATGCAAGACCTACTGTGGTCACCTTAGCGCAAGAGCACGCGGATCTGTACCTCAACGTCCTAACTGAACTCTACATGCAAGACCTACTATGGTCACCTTAGCGCAAGAGCATGCGGATCTGTACCTCAACGTCCTAACTGAACTCTACATGCAAGACCTACTATGGTCACCTTAGCGCAAGAGCACGCGGATCTGTACCTCAACGTCCTAACTGAACTCTACATGCAAGACCTACTATGGTCACCTTAGCGCAAGAGCACGCGGATCTGTACCTCAACGTCCTAACTGAACTCTACATGCAAGACCTACTATGGTCACCTTAGCGCAAGAGCACGCGGATCTGTACCTCAACGTCCTAACTGAACTCTACATGCAAGACCTACTATGGTCACCTTAGCGCAAGAGCACGCGGATCTGTACCTCAACGTCCTAACTGAACTCTACATGCAAGACCTACTATGGTCACCTTAGCGCAAGAGCACGCGGATCTGTACCTCAACGTCCTAACTGAACTCTACATGCAAGACCTACTATGGTCACCTTAGCGCAAGAGCACGCGGATCTGTACCTCAACG	5.34	8.1	7.93	5.68
12:36105201-36106400	ATCTGTACCTCAACGTCCTAACTGAACTCTACATGCAAGACCTACTATGGTCACCTTAGCGCAAGAGCACGCGGATCTGTACCTCAACGTCCTAACTGAACTCTACATGCAAGACCTACTATGGTCACCTTAGCGCAAGAGCACGCGGATCTGTACCTCAACGTCCTAACTGAACTCTACATGCAAGACCTACTATGGTCACCTTAGCGCAAGAGCACGCGGATCTGTACCTCAACGTCCTAACTGAACTCTACATGCAAGACCTACTATGGTCACCTTAGCGCAAGAGCACGCGGATCTGTACCTCAACGTCCTAACTGAACTCTACATGCAAGACCTACTATGGTCACCTTAGCGCAAGAGCACGCGGATCTGTACCTCAACGTCCTAACTGAACTCTACATGCAAGACCTACTATGGTCACCTTAGCGCAAGAGCACGCGGATCTGTACCTCAACGTCCTAACTGAACTCTACATGCAAGACCTACTATGGTCACCTTAGCGCAAGAGCACGCGATTCTGTACCTCAACGTCCTAACTGAACTCTACATGCAAGACCTACTGTGGTCACCTTAGCGCAAGAGCACGCGGATCTGTACCTCAACGTCCTAACTGAACTCTACATGCAAGACCTACTGTGGTCACCTTAGCGCAAGAGCACGCGGATCTGTACCTCAACGTCCTAACTGAACTCTACATGCAAGACCTACTATGGTCACCTTAGCGCAAGAGCATGCGGATCTGTACCTCAACGTCCTAACTGAACTCTACATGCAAGACCTACTATGGTCACCTTAGCGCAAGAGCACGCGGATCTGTACCTCAACGTCCTAACTGAACTCTACATGCAAGACCTACTATGGTCACCTTAGCGCAAGAGCACGCGGATCTGTACCTCAACGTCCTAACTGAACTCTACATGCAAGACCTACTATGGTCACCTTAGCGCAAGAGCACGCGGATCTGTACCTCAACGTCCTAACTGAACTCTACATGCAAGACCTACTATGGTCACCTTAGCGCAAGAGCACGCGGATCTGTACCTCAACGTCCTAACTGAACTCTACATGCAAGACCTACTATGGTCACCTTAGCGCAAGAGCACGCGGATCTGTACCTCAACGTCCTAACTGAACTCTACATGCAAGACCTACTATGGTCACCTTAGCGCAAGAGCACGCGGATCTGTACCTCAACG	5.34	8.1	7.93	5.68
12:36105201-36106400	ATCTGTACCTCAACGTCCTAACTGAACTCTACATGCAAGACCTACTATGGTCACCTTAGCGCAAGAGCACGCGGATCTGTACCTCAACGTCCTAACTGAACTCTACATGCAAGACCTACTATGGTCACCTTAGCGCAAGAGCACGCGGATCTGTACCTCAACGTCCTAACTGAACTCTACATGCAAGACCTACTATGGTCACCTTAGCGCAAGAGCACGCGGATCTGTACCTCAACGTCCTAACTGAACTCTACATGCAAGACCTACTATGGTCACCTTAGCGCAAGAGCACGCGGATCTGTACCTCAACGTCCTAACTGAACTCTACATGCAAGACCTACTATGGTCACCTTAGCGCAAGAGCACGCGGATCTGTACCTCAACGTCCTAACTGAACTCTACATGCAAGACCTACTATGGTCACCTTAGCGCAAGAGCACGCGGATCTGTACCTCAACGTCCTAACTGAACTCTACATGCAAGACCTACTATGGTCACCTTAGCGCAAGAGCACGCGATTCTGTACCTCAACGTCCTAACTGAACTCTACATGCAAGACCTACTGTGGTCACCTTAGCGCAAGAGCACGCGGATCTGTACCTCAACGTCCTAACTGAACTCTACATGCAAGACCTACTGTGGTCACCTTAGCGCAAGAGCACGCGGATCTGTACCTCAACGTCCTAACTGAACTCTACATGCAAGACCTACTATGGTCACCTTAGCGCAAGAGCATGCGGATCTGTACCTCAACGTCCTAACTGAACTCTACATGCAAGACCTACTATGGTCACCTTAGCGCAAGAGCACGCGGATCTGTACCTCAACGTCCTAACTGAACTCTACATGCAAGACCTACTATGGTCACCTTAGCGCAAGAGCACGCGGATCTGTACCTCAACGTCCTAACTGAACTCTACATGCAAGACCTACTATGGTCACCTTAGCGCAAGAGCACGCGGATCTGTACCTCAACGTCCTAACTGAACTCTACATGCAAGACCTACTATGGTCACCTTAGCGCAAGAGCACGCGGATCTGTACCTCAACGTCCTAACTGAACTCTACATGCAAGACCTACTATGGTCACCTTAGCGCAAGAGCACGCGGATCTGTACCTCAACGTCCTAACTGAACTCTACATGCAAGACCTACTATGGTCACCTTAGCGCAAGAGCACGCGGATCTGTACCTCAACG	5.34	8.1	7.93	5.68
12:36105201-36106400	ATCTGTACCTCAACGTCCTAACTGAACTCTACATGCAAGACCTACTATGGTCACCTTAGCGCAAGAGCACGCGGATCTGTACCTCAACGTCCTAACTGAACTCTACATGCAAGACCTACTATGGTCACCTTAGCGCAAGAGCACGCGGATCTGTACCTCAACGTCCTAACTGAACTCTACATGCAAGACCTACTATGGTCACCTTAGCGCAAGAGCACGCGGATCTGTACCTCAACGTCCTAACTGAACTCTACATGCAAGACCTACTATGGTCACCTTAGCGCAAGAGCACGCGGATCTGTACCTCAACGTCCTAACTGAACTCTACATGCAAGACCTACTATGGTCACCTTAGCGCAAGAGCACGCGGATCTGTACCTCAACGTCCTAACTGAACTCTACATGCAAGACCTACTATGGTCACCTTAGCGCAAGAGCACGCGGATCTGTACCTCAACGTCCTAACTGAACTCTACATGCAAGACCTACTATGGTCACCTTAGCGCAAGAGCACGCGATTCTGTACCTCAACGTCCTAACTGAACTCTACATGCAAGACCTACTGTGGTCACCTTAGCGCAAGAGCACGCGGATCTGTACCTCAACGTCCTAACTGAACTCTACATGCAAGACCTACTGTGGTCACCTTAGCGCAAGAGCACGCGGATCTGTACCTCAACGTCCTAACTGAACTCTACATGCAAGACCTACTATGGTCACCTTAGCGCAAGAGCATGCGGATCTGTACCTCAACGTCCTAACTGAACTCTACATGCAAGACCTACTATGGTCACCTTAGCGCAAGAGCACGCGGATCTGTACCTCAACGTCCTAACTGAACTCTACATGCAAGACCTACTATGGTCACCTTAGCGCAAGAGCACGCGGATCTGTACCTCAACGTCCTAACTGAACTCTACATGCAAGACCTACTATGGTCACCTTAGCGCAAGAGCACGCGGATCTGTACCTCAACGTCCTAACTGAACTCTACATGCAAGACCTACTATGGTCACCTTAGCGCAAGAGCACGCGGATCTGTACCTCAACGTCCTAACTGAACTCTACATGCAAGACCTACTATGGTCACCTTAGCGCAAGAGCACGCGGATCTGTACCTCAACGTCCTAACTGAACTCTACATGCAAGACCTACTATGGTCACCTTAGCGCAAGAGCACGCGGATCTGTACCTCAACG	5.34	8.1	7.93	5.68
12:38981751-38981800	CGGGTTTTCTCGTCCTAGGTCTTCTCGTCCCAGGTCTTCTCGTCCCGTC	10.42	2.08	2.08	0
12:69460101-69460150	TACAACATACACAACACACAGAAACAAACACATACACCGCACACAAACA	2.08	31.25	6.25	0
12:98355451-98355700	TTCGATATAGGGGTGGCTTTCGCTTTTGGGGCTGGGGGTTTGCGCTCCTAGCTCCTGAAGATGTAAGCAATAAAGTTTTGCCGCAGAAGATTCTGGTCTGTTGTGTTCTTCCTGGCCGGGCGTGAGAACGCTATTAAGAATTGGTGCTGAAACCCGGGACGAAAAAATACAAGAAAACTCGGGACCGGCGCAAGGAAGATCCCTCATTCCAGAACCAGAACTGCGGGTCGCGGTAATAAAGGTTCCCGT	6.45	2.82	4.03	6.85
12:105910601-105911150	ATCTATACACGTGACTGTGAGATCTATACACGTGACTGTGAAATCTATACACGTGACTGTGAAATCTATGCATGTGACTGTGAAATCTATGCATGTGACTGTGAAATCTATACACGTGACTGTGAAATCTATACACGTGACTGTGAAATCTATACACGTGACTGTGAGATCTATACACGTGACTGTGAAATCTATGCATGTGACTGTGAAATCTATACACGTGACTGTGAGATCTATACACGTGACTGTGAGATCTATACACGTGGCTGTGAGATCTATACACGTGACTATGAAATCTATACACGTGACTGTGAAATCTATACACGTGACTGTGAAATCTATACACGTGACTGTGAAATCTATACACGTGACTGTGAGATCTATACACGTGACTGTGAGATCTATACACGTGACTGTGAGATCTATGCACGTGACTGTGAGATCTATGCACGTGACTGTGAGATCTATACACGTGACTGTGAGATCTATACACGTGACTATGAAATCTATACACGTGACTGTGAAATCTATACACGTGACTGTGAAATC	4.2	4.74	8.94	15.33
12:111868001-111868350	CCGTGAGTGTGTATGTAACTGTGTAAGTGCAGAATCCCACCCGTGAGTGTGTATGTAACTGTGTAAGTGCAGAATCCCACCCGTGAGAGTGTATGTAACTGTGTAACTGCGGAATCCCACCCGTGAGAGTGTATGTAACTGTGTAACTGCGGAATCCCACCCGTGAGTGTGTATGTAACTGTGTAAGTGCAGAATCCCACCCGTGAGAGTGTATGTAACTGTGTAAGTGTGGAATCCCACCCATGAGAGTGTATGTAACTGTGTAACTGCGGAATCCCACCCGTGAGAGTGTATGTAACTGTGTAAGTGCGGAATCCCACCCGTGAGAGTGTATGTAACTGTGTAAGTG	3.45	3.45	7.76	16.67
12:113949501-113949550	ATGTTTATAGGTATCATTTCGTACATATCATCCATGTGTGTACACATCA	2.08	14.58	12.5	8.33
12:113949651-113949800	TCATACATATCATCCATGAGTGTACGTACCATCTTGTACATATCATCCATGTGTGTAGGTATCATTTTGTACATATCATCCATGTGTGTACATATCATCTCGTACATATCATCCATGAGTGTACATACCATCTCGTACATATCATCCAC	2.03	14.86	12.16	8.11
12:114014301-114014650	TGTGTGTACACATCATCTCGTATATATCATCCATGTGTGTACACATCATCTCATATATATCATCCATGTGTGTAGGTATCATTTCGTACATATCATCCATGTGTGTACACATCATCTCATACATATCATCCATGTGTGTACATATCATCTCATACATATCATCCATGAGTGTACGTACCATCTCGTACATATCATCCACATGTGTATACATCATCCTGTACATATCATCCAAGTGTGTACACATCCTCTTGTACATATCATCCATGTGTGTAGGTATCATTTCGTACATATCATCCATGTGTGTACACATCATCTCGTATATATCATCCATGTGTGTACACATCATCTC	1.72	15.8	11.21	9.2
13:8769851-8770150	ACGTGTGATGTGTCTGTGTGGTGTGTAGTGGGTGTGTGTCTGTGTGGTGCGTGGTGTGTGGTATGTGTGTGTCTGTGTCTCTGTGTGTGTGGTATGTGTGTACGTGTGCATGGGTACATGTGTGTGTGCACATCTATTGTGTCTGTGTGGTGTGTGGTGGGTGTGTGTCTGTGTGGTGTGTGGTATGTGTGTGTGTCTGTGTCTCTGTGTGTGTGGTGTGTGTGTACGTGTGCATGGGTACATGTGCGTGTGCACATGTGATGTGTCTGTGTGGTGCGTGGTGTGTGGTATGTGTGTGT	2.01	2.68	3.36	33.56
13:13340101-13340300	GTCGGTTCCCCGTACGGGCCACCAATTGTCGCGTCTGCTCTCGACCAGCAAGAACAATGCGACCACCAGTCCTTCTAACAGCAGTTTATTCAGTCTTCATCTTTCTTCTTTCTCTTCATCAATACCGTTCTCCAGCTGAAGAGTTCTGAATCCACGCCGGATCCTTCTCAACAGTCTGTTTTACAGGAACTTTTATTAA	5.05	9.09	3.54	3.03
13:23645651-23645750	TCAACAGTCTGCTTTACGGGAACCTTTATTACCGCGACCCGCAGTTCTGGTTCTGGAATGAGGGATCTTCCTTGCGCCGGTCCCGAGTTTTCTTGTATT	7.14	3.06	4.08	6.12
13:26374051-26374200	AACTCGGCCGATGGGCTGCAGCCAATCAGGGAGTGACACGTCCTAGGCGAAGGATAATTCTCCTTAATAGGGACGGGGTTTCGTTTTCTCTCTCTCTTGCTTCTTACACTCTTGCTCCTGAAGATGTAAGCAATAAAGTTTTGCCGCAG	4.73	4.73	4.73	5.41
13:49800051-49800250	AAAGGTGGTAATAAAGTGTTCCCGTAAAACAGACTGTTGAGAAGGATCCGGCGTGGATTCAGAACTCTTCAGCTGGGGAACGGTACTGATGAAGAGAAAGAAGAAAGATGAAGACTGAATAAACTGCTGTTAGAAGGACTGGTGGTCGCATCGTTCTTGCTGGTCGAGAGCGGGCGTGACAATTGGTGGCCCGTACGGG	5.56	2.53	3.54	9.6
13:65309951-65310050	TGTGAGGCGTGTGTGTGAGGCATGTGTGGTGTGTGTGTGTGTGAGGCTAGTGTGAGGCATGTGGGACATGTGTGTGGCGTTTGTGAAGAGCGTGTGAGG	3.06	3.06	1.02	28.57
13:65378751-65379100	GCGTATGAGGCATGTGTTGAGGCATGTGTTGAGGCATGTGTGAGGCGTGTGTGGTGTGTGTGTGTGTGTGAGGCTAGTGTGAGGCATGTAAGACATGTGTGAGGCGTGTGTATGAGGCCTGTGAGGTATGTGTGTGAGGCATGTGTGGTGTGTGTGTGAAGCTAGTGTGAGGCATGTGAGAGATGTGTGAGAGGCATGTGTGAGGCGTTGGAGGTATGTGTGTGTGTGTGTGTGTGTGTGTGTGTGTGTGTGTGAGGCTAGTGTGAGGCATGTGAAACATATGTGAGACGTGTTTGTGAGGCTCGTGTGAGGAGCATGTGAGGCGTGTGTGTGAAAAGCACACAGGAGA	2.01	4.02	2.59	26.15
13:65451001-65451050	TGTGTGAGGCGTTGGAGGTATGTGTGTGTGTGTGAGGCTAGTGTGAGGC	2.08	0	4.17	27.08
13:65782751-65783100	CACACACACCTCTTATGCCTCACACACGCCTCACACACATACCTCACAGGCCTCACACACACCTCACACATGTCTCACATGCCTCACACTAGCCTCATACACACACGCACAAACACCATACACGCCTCACACACACAACCTCTCATGCCTCACACATGCCTCACACATAGGCCTCACACTAGCCTCACACACACACCACACATGCCTCACACATGCCTCAACATATGCCTCATACGCACCACACACACACACACACACACACACACACACACACACTCCGCATGCATTCTTCCTTCACTCACTCGCTCTCCACCGGCTCTTCTCAGGCTCTCTCGCCTTCTTCTTGCCC	2.3	24.71	2.59	2.87
13:66639851-66640100	AGATATGTGTGAGGCGTGTGTGTGAGGCCTGTGAGGTATGTGTGTGAGGCGTGTGTGGTGTGTGTGTGAACCTACTGTGAGACATTTGAGACATGTGTGAGAGGCATGTGGGAGGCGTGGGAGGTGTGTGTGTGTGTGTGAGGCTTGTGTGAGGCATGTGAGACATGTGTGAAGCATGTTTGTGAGGTATGTGTGTGGTGTTGTGAGGCGTGTGTGTGAAAAGCACACAGGAGAAAGCAGAGCTCGCAG	2.02	4.44	1.61	24.19
13:66714451-66714500	TGTGAGGCTAGTGTGAGGCATGTGAAACATGTGTGAGACGTGTTTGTGA	2.08	4.17	2.08	25
13:75862401-75862700	GCGAAGACCCCTGCTACAGGGAGGATTCAGAACTGCATCACGGGGAAGGAGTGGTTAATAAAAGTTCCTGTAAAACAGACTGTTGAGAAGGATCCGGTGTGGATTCAGAACTCTTCAGCTGGGGAACGGTACTGATGAAGAGAAAGAAGAAAGATGAAGACTGAATAAACTGCTGTTAGAAGGACTGGTGGTCGCATCGTTCTTGCTGGTCGAGAGCAGACGCGACAATTGGTGGCCCGTACGGGGAACCGACTCCCCCACCGAGTTCAGAACTTTCAGCAGTCAGTGGTTGCCGGCAG	4.7	5.37	2.68	7.72
13:108002551-108002600	TGTTACGGGAACCTTTATAAACGTGATCCGCAGTTCTGGTTCCGGAATG	8.33	2.08	6.25	8.33
13:109674851-109674900	GGCCACCAATTGTCGCGCCCGCTCTCGACCAGCAAGAACGATGCGACCA	12.5	10.42	0	4.17
13:109675001-109675050	CTCAACAGTCTGTTTTACGGGAACTTTTATTAACCACTCCTTCCCCGTT	4.17	6.25	6.25	2.08
14:4822151-4822200	TGTGTGTGCATGTGTGTGTATGTGTGTGTGTGCGTGTGTGTGTGTGTGT	2.08	2.08	2.08	43.75
14:21360451-21360900	CTGCGCATGTGCCGAGGGTGGTTCTTCACTCCATGTGCTCTGCCTTCCTCGTGACGTCAACTCGGCCGATGGGCTGCAGCCAATCAGGGAGTGACACGTCCTAGGCGAAGGAGAATTCTCCTTAATAGGGACGGGGTTTCGTTTTCTCTCTCTCTTGCTTCTTGCGCTCTTGCTTCTTGCACTCTGGCTCCTGAAGATGTAAGCAATAAAGCTTTGCCGCAGAAGATTCTGGTTTGTTGCGTCTTTCCTGGCCGGTCGTGAGAACGCGTCTAATAACAATTGGTGCTGAGACCCGGGACGGGACGAGAAGACCTGGGACGAGAAATTCCGGGACGAGAAATTCCGGGACGAGAAATTCCGGGACGAGAAATTCCGGGACGAGAAAAAATCCGGGAAGAAAAAACCCGGGAGGAAACTCGGGACGGGAGTTTCACCGGCGCAAGGAAGAT	7.81	3.12	1.56	6.25
14:25706901-25707050	GCAGAAGATTCCGGTTTGTTGCGTTCTTCCTGGCCGGTCGCGAGAACGCGTGTAAGAGTTGGTGCTGAGACCCGGGACGGGACGAGAAGACCCGGGACGAGAAGACCTGGGACGAGAAGACCTGGGACAAGAAGACCTGGGACAAGAAA	8.78	2.03	0.68	6.76
14:43308201-43308350	TTTAATGATGGAGCTCCGGGCCGACACGTATGTCCCGCAGGAGACAGAGGTTTCGACCACATGGTGGAGCCATAATGGCGGAGCTCCGGTTCGAAACGTATCTCACACAGGACACAGTGTTTTCCACCCCGAGGCTTGGAAGCTAGGGA	6.76	8.11	3.38	5.41
14:65182901-65183500	TTAGAAAGTTCAAGGCCAGACTTACCTTGTAAAGCTATACTTACGGGTTACCGCCGTTCCCCAGCTGAAAAGTTCTGAATTCACGCAGTTGAATCCTTCTCAACAGTCTGTTTTACGAGAACACTTCATTACCGTGACCCGCAGTTCTGGTTCCGGAATGAGGGATCTTCCTTGCGCCGGTGATGGTAAACTCTCGTCCCGAGTTTTTCTTCCCGGGTTTCCTCTTCCCGGATTTTCTCGTCCCGGAATTTCTCGTCCCGGAATTCGGCACCAATTCTTATTCGCGTTCTCACGACCGGCCAGGAAAGAACACAACAAACCAGAATCTTCTGCGGCAAAACTTTATTGCTTACATCTTCAGGAGCAGGAGCGCAAAAACCCAAGCCCCAAAAACGAAAGCCCCCTTCTAACATCTTTAGGAGCCAGAGCGCGCCAGAGCGCCAGAGCAAGAGCTCTATTGTTTACATCTTTAGGAGCAAGCGAGCAGGCGCCAGAGCCAGAGAGAGAATGGCGGAAACCCCGTCCCCTTTAAGGAGGAGTTATCCTTCGCTTAGGACGCATCACTCCCTGATTGGCTGCAGCCCATGGCCGAGCTGACG	6.19	6.52	3.51	3.34
14:86914001-86914050	CGGATCCTTCTCAACAGTCTGTTTTACGGGAACACTTTATTAACCACTC	4.17	8.33	6.25	2.08
14:91992551-91992900	CGAGCGAAGACCCCCTGCTACAGGGAGGATTCAGAACTGCATCACGGGGAAGGAGTGGTTAATAAAAGTTCCCGTAAAACAGACTGTTGAGAAGGATCCGGCGTGGATTCAGAACTCTTCAGCTGGGGAACGGTACTGATGAAGAGAAAGAAGAAAGATGAGGACTGAATAAACTGCTGTTAGAAGGACTGGTGGTCGTGTCGTTCTTGCTGGTCGAGAGCAGACGCGACAATTGGTGGCCCGTACGGGGAACCGACTCCCCCACCGAGTTCAGAACTTTCAGCAGTCAGTGGTTGCCGGCAGGGTAAGTTCACGGTGAGTGAAACTTGCGACCCCAGGAGTTTGGGAA	5.46	4.89	2.59	7.47
14:106005001-106005100	CTGAAAGTTCTGAACTCGGCGGGGGAGTTGGTTCCCCGTACGGGCCACCAATTGTCGCGCCTGCTCTCGACCAGCAAGAACGACGCGACCACCAGTCCT	10.2	6.12	1.02	5.1
14:108340101-108340200	CCCCCGTACGGGCCACCAATTGTCGCGCCCGCTCTCGACCAGCAAGAACGACGCGACCACCAGTCCTTCTAACAGCAGTTTATTCAGTCTTCATCTTTC	9.18	10.2	3.06	1.02
14:108340351-108340400	ATGCCTGAAGATGTTTCTTTTCCCGGGTTTCGGCACCACTTGTTGCGCG	8.33	4.17	0	10.42
14:121068701-121069000	AACCACTGACTGCTGAAAGTTCTGAACTCGGTGGGGGAGTCGGTTCCCCGTACGGGCCACCAATTGTCGCGCCCGCTCTCGACCAGCAAGAACGACGTGACCACCAGTCCTTCTAACAGCAGTTTATTCAGTCTTCATCTTTCTTCTTTCTCTTCATCAGTACCGTTCCCCAGCTGAAGAGTTCTGAATCCACGCCGGATCCTTCTCAACAGTCTGTTTCACGGGAACACTTTATTAACCGCTCCTTCCCCGTGATGCAGTTCTGAATCCTCCCTGTAGCAGGGGGTCTTCGCTCATGC	5.7	7.38	2.35	5.03
15:3360901-3361250	CGGGGGAGATATAAACAAGGGCGATATATAAACAAGGGAGATATAAACAAGGGAGATATAAACAAGAAGAAACAGGACTGAATAAACGTGTGCAGAAAGATCCTGTTGCAGCGTCGTTCTTCCTGGCCAGTTGAGCGCGTGCAACAAGTGGTGCCGAAACCCGGGACAAGAAACATCTTCAGGCACGAGCGAAGACCCCCTGCTACAGGGAGGATTCAGAACTGCATCTCGGGGAAGGAGTGGTTAATAAAGTGTTCCCGTAAAACAGACTGTTGAGAAGGATCCGGCGTGGATTCAGAACTCTTCAGCTGGGGAACGGTACTGATGAAGAGAAAGAAGAAAGATGAGG	4.6	5.75	4.31	6.03
15:9015901-9016350	ATACACACGCATGTACACACGCACTCCCCTGCTGCACACTCACAAGTGCACATATACTACAAATGCATGATACACACGCATGTACACACGCACTCCCCTGCTGCACACTCACAAGTGCACATATACTACAAATGCATGATACACACGCATGTAGACACGCACTCCCCTGCTGCACACTCACAAGTGCACATATACTACAAATGCATGATACACACGCATGTAGACACGCACTCCCCTGCTGCACACTCACAAGTGCACATATACTACAAATGCATGATACACACGCATGTACACACGCACTCCCCTGCTGCACACTCACAAGTGCACATATACTACAAATGCATGATACACACGCATGTACACACGCACTCCCCTGCTGCACACTCACAAGTGCACATATACTACAAATGCATGATACACACGCATGTACACACGCACTCCCCTGCTGC	3.12	19.64	7.14	8.71
15:59347551-59347950	AGGTGCACCTTACGATAGGTAGGCTCACTGAGGTGTAACTTACGATAGGTAGGCTCACTGAGGTGTAACTTACGATAGGTAGGCTCACTGAAGTGTAACTTACGATAGGTAGGCTCACTGAGGTGTAACTTACGATAGATAGGCTCACTGAGGTGTAACTTACGATAGGTAGGCTCACTGAGGTGCAACTTACGATAGATAGGCTCACTGAGGTGTAACTTACGATTGATAGGCTCACTGAGGTGCACCTTACGATAGGTAGGCTCACTGAGGTGTAACTTACGATAGGTAGGCTCACTGAGGTGTAACTTACGATAGGTAGGTTCACTGAGGTGTAACTTACGATAGGTAGGCTCACTGAGGTGTAACTTACGATAGATAGGCTCACTGAGGTGTAAC	3.27	4.02	12.31	7.04
15:77030501-77030550	GTGTGTTCATGTCTTTGTGTATGCATGTGTCTACGTGTCTATGTGTGTA	2.08	4.17	8.33	25
15:88975451-88976150	GGACCACACAGGCACAGCATCGTTGTCAATCTACAATAATCGGAACCACACAGGCACAGCATCGTTGTCAATCTACAATAATCGGGACCACACAGGCACAGCATCGTTGTCAATCTACAATAATCGGGACCACACAGGCACAGCATCGTTGTCAATCTACAATAATCGGGACCACACAGGCACAGCATCGTTGTCAATCTACAATAATCGGGACCACACAGGCACAGCATCGTTGTCAATCTACAATAATCGGGACCACACAGGCACAGCATCGTTGTCAATCTACAATAATCGGGACCACACAGGCACAGCATCGTTGTCAATCTACAATAATCGGGACCACACAGGCACAGCATCGTTGTCAATCTACAATAATCGGAACCACACAGGCACATCATCGTTGTCAATCTACAATAATCGGGACCACACAGGCACAGCATCGTTGTCAATCTACAATAATCGGGACCACACAGGCACATCATCGTTGTCAATCTACAATAATCGGAACCACACAGGCACAGCATCGTTGTCAATCTACAATAATCGGAACCACACAGGCACAGCATCGTTGTCAATCTACAATAATCGGGACCACACAGGCACAGCATCGTTGTCAATCTACAATAATCGGAACCACACAGGCACAGCATCGTTGTCAATCTACAATAATCGGGACCACACAGGCACATCATCGTTGTC	4.73	19.2	4.58	2.44
15:96480751-96480800	TTGTGTGTGCGTTGTGTGTGTATGTGTGTGTTTGCGTGTGTATGTGTGT	4.17	0	4.17	37.5
15:97662401-97662600	TACATACACACATACATATACACGCATACACACATATATACATACATACATACACACATGCATACATACATGCATACACACATACATATACACGCATACACACATATATACATACATGCATACACACATGCATACATACATGCATACACACATACATATACACGCATACACACATACATACACACACATGCATGCATGC	1.52	27.78	16.67	4.04
15:98612451-98612600	ATGCACATATATACACACCCACAATACACACACCCACACATACACACACGCACCCATACACACATGCACATATACACATATGCATACACACACGCACATGTACACACATGCACACGTGCACACATACACACATACACACATACACACAT	2.03	31.76	9.46	4.05
15:98612451-98612600	ATGCACATATATACACACCCACAATACACACACCCACACATACACACACGCACCCATACACACATGCACATATACACATATGCATACACACACGCACATGTACACACATGCACACGTGCACACATACACACATACACACATACACACAT	2.03	31.76	9.46	4.05
15:98937901-98937950	CACACACACACACTCACACACACACTCACACACACACACACCCACGCAC	2.08	41.67	0	0
15:98938051-98938150	CACACACACACGCACACACTCACACACACACACACACACACTCACTCACACACACACACACACACACACACACACACATGCGCCCCCGCAAACTCTGTA	3.06	36.73	1.02	2.04
15:99871451-99871500	ACGCATACAGACATACATATACACACATACAAACATACACGCATACACT	4.17	25	14.58	0
15:100165301-100165450	TCCTCCAGTCTTCCATGAGTGTGTTGTGGTGTGTACGTGTGCTCTCCCCGTGTCATAATACAAATAATAATATAGTGCAGACTTGTCCTCCAGTCTCCATGAGTGTGTTGTGGTGTGTACGTGTGCTCTCCCCGTGTCATAATACAAAT	2.7	6.08	6.76	14.86
15:102020701-102020800	CACACATACAGACACGCACACTCACTCATGTACAGACACGCATGTATACACATACACATGTACACACACGTACACACAGACACACAGGTTTGCACGAGA	4.08	26.53	7.14	4.08
15:102367501-102367600	ATGTGTGAGTGTGCATTTGTGTGTACGTGTATGCGTGTATATGTGTATGTGTGTGCATATATGTGAATGTATGTATATGTATGTGTGTTCGTGTATGTG	3.06	2.04	12.24	28.57
16:48540551-48540650	CTGCATCACGGGGAAGGAGTGGTTAATAAAAGTTCCCGTAAAACAGACTGTTGAGAAGGATCCGGCGTGGATTCAGAACTCTTCAGCTGGGGAACGGTA	5.1	5.1	4.08	6.12
16:53571801-53572000	TTCCTGGCCGGTCGTGAGAACGCGTCTAATAACAATTGGTGCCGAATTCCGGGACGAGAAAATCCGGGACGAGAAAAAACTCCGGACTGGCGCAGGAGGGATACCTCATTCCAGAACCAGAACTGCGAATCAAGGTTATAAGGTTCCCGTAACACAGACTGTTGAGAAGGATTCAACTGCCGAATTCAGAACTCATCAG	7.07	6.06	3.03	4.55
16:79854951-79855200	CACTCTCGACCAGCAAGAACGACACGACCACCAGTCCTTCTAACAGCAGTTTATTCAGTCTTCATCTTTCTTCTTTCTCTTCATCAGTACCGTTCCCCAGCTGAAAAGTTCTGAATCCACGCCGGATCCTTCTCAACAGTCTGTTTTACGGGAACACTTTATTAACCACTCCTTCCCCGTGATGCAGTTCTGAATCCTCCATGTAGCAGGGGGTCTTCACTCTTGCCTGAAGATGTTTCTTTTCCCGGG	3.63	8.87	2.82	4.03
16:95873301-95873350	ATACACGTATCATACACACACCATACACACTACACATGCACGAATACAT	4.17	25	12.5	2.08
16:95873451-95873500	GCATGCACGTGCAACCACACACACTTGTACACACTACATGTACTTACAT	2.08	22.92	8.33	8.33
17:17167801-17168050	CTCAACAGTCTGTTTTACGGGAACCTTTATTAACCACTTCTTCCCCGTTATGCAGTTCTGAATCCTTCCTGTAGCAGGGGGTCTTCGCTCTTGTCTGAAGATGTTTCTTGTCCCGGGTTTTCTTGTATTTTCTCGTCCCGGGTTTTCTCGTCCCGTCCCGAGTTTTTCTTCCCGGGTTTCGGCACCAACTGTTGCGCGCGCTCAACAGGCCAGGAAGAACGACGCTGCTACAGGATCCTTCTGCACACG	6.85	5.24	2.82	5.24
17:21150951-21151000	CAGTTCTGATTTTGTGTAAGAGTTTGTATGCGTGTGTTCCTGTGTGTGT	2.08	2.08	4.17	22.92
17:28108351-28108500	TGAGTGTATATACGTAGCAAGCATGTGTGTATGGATGACTGTGTCTGTGTCTGAGTGTGTGGGTTTGGAGTGTGTGTGCATGTGTATGGCTGTGTGTGTGTTTTGAGTGTAAGCATGTATGTGCGTGAGCGTGTATATGTAAGTATGTG	2.03	2.7	8.11	25.68
17:30652251-30652300	ATATACACACTCACACACACATACACACATGCACACATACACGCACATA	2.08	33.33	10.42	2.08
17:77920651-77921250	GAGTGATGCGTCCTAAGCGAAGAATAACTCCTCCTTAAAGGGGACGGGGTTTTCCGCCATTCTCTCTCTCTCTCTCGCTGGCTTCGCTCTGGCTCTGGCACCTGCTCGCTTGCTCCTAAAGATGTAAACAATAGAGCGCGCTCTGCGCTTTGGCGCGCCGGCGCGCCGGAGCTCTGGCTCCTAAAGATGTTATATAGGGGTGGCTTTCGCTTTTGGGGCTGGGGGTTTGCGCTCCTAGCTCCTGAAGATGTAAGCAATAAAGTTTTGCCGCAGAAGATTCTGGTCTGTTGTGTTCTTCCTGGCCGGGCGTGAGAACGCTATTAAGAATTGGTGCTGAAATCCGGGACGAGAAAAAATCCGGGAAGAAAAAACCCGGGAGGAAACTCGGGACGGGAGTTTCACCGGCGCAAGGAAGATCCCTCATTCCAGAACCAGAACTGCGGGTCGCGGTAATAAAGGTTCCCGTAAAGCAGACTGTTAAGAAGGATTCAACTGCATGAATTCAGAACTTTTCAGCTGGGGAACGAGAGTACCAGTGAGTATAGCTTTACGAGGTAAGCCTGGCCTTGAACTTTCTAAGGAAATTCAAGACAGTCTAT	6.02	3.01	4.35	6.02
17:87694351-87694900	TGTAAGGTGGAGAGAGAGCCGGCTAAGTGTGTAAGATGGAGAGAGAGCCGGCTAAGCGTGTAAGGACTGGAGAGAGAGCCGGCTAAGCGTGTAAGGTGGAGAGAGAGCCGGCTAAGTGTGTAAGATGGAGAGAGAGCTGGCTAAGCGTGTAAGATGGAGAGAAAGCCGGCTAAGCGTGTAAGGTGGAGAGAGAGCCGGCTAAGCGTGTAAGGTGGAGAGCGAGCCGGCCAAGCGTGTAAGGTGGAGAGCGAGCCGGCTAAGCGTGTAAGGTGGAGAGCGAGCCGGCTAAGCGTGTAAGGTGGAGAGCGAGCCGGCTAAGCGTGTAAGATGGAGAGAGAGCCGGCTAAGCGTGTAAGATGGAGAGAGAGCCGGCTAAGCGTGTAAGATGGAGAGAGAGCCGGCTAAGCGTGTAAGGTGGAGAGAGAGCCGGCTAAGCGTGTAAGGTGGAGAGAGAGCCGGCTAAGCGTGTAAGATGGAGAGAGAGCCGGCTAAGCGTGTAAGATGGAGAGAGAGCCGGCTAAGCGTGTAAGGTGGAGAGAGAGCTGGCTA	6.75	0.18	6.75	7.66
18:3217351-3217400	AACAGACTGTTGAGAAGGATCCGGCGTGGATTCAGAACTCTTCAGCTGG	4.17	6.25	0	8.33
18:24540001-24540150	CTCCAAGGGGTCCTTCGGGGTTCCTGGGTGTCACGCAGATCTCGGTGGAACCTCCAAATGAAAGAACTCAGTGGGGAAACCCCCACTCAGCTCCCGATTCGGCGTGCACCCAAGAATCACGAATAGAACACAACACCTTGATGTAACAA	4.73	9.46	1.35	5.41
18:53960201-53960650	GTGTACACTTCACGTTGTACTGACTGGAACACCTCAGTGTACACTTCACGTTGTACTGACTGGAACACCTCAGTGTACACGTTGTACTGATTGGAACACCTCAGTGTACACTTCACGTTGTACTGATTGGAACACCTCAGTGTACACTTCACGTTGTACTGACTGGAACACCTCAGTGTACACTTCACGTTGTACTGACTGGAACACCTCAGTGTACACTTCACGTTGTACTGATTGGAACACCTCAGTGTACACTTCACGTTGTACTGACTGGAACACCTCAGTGTACACTTCACGTTGTACTGATTGGAACACCTCAGTGTACACTTCACGTTGTACTGATTGGAACACCTCAGTGTACACTTCACGTTGTACTGACTGGAACACCTCAGTGTACACTTCACGTTGTACTGACTGGAACACCTCAGTGTACACTTCACGTTGTACTG	2.9	10.94	5.8	11.38
18:83700751-83701050	CTTGTACTCTGTTTTTCCCGTGAACGTCAGCTCGGCCATGGGCTGCAGCCAATCAGGGAGTGATGCGCCCTAGGCAATGGTTGTTCTCTTTAAAATAGAAGGGGTTTCGTTTTTCTCTCTCTCTTGCTTCTCTCTCTTGCTTCTTACACTCTGGCCCCCAAAAAGATGTAAGCAATAAAGCTTTGCCGTAGAAGATTCTGGTTGTTGTGTTCTTCCTGGCCGGTCGTGAGAACGCGACGAATAACAATTGGTGCCGAAATCCGGGACGAGAAAAAACTCCGGACTGGCGCAGGAGGGAT	5.37	3.69	3.02	7.72
19:33078301-33078350	TGCAGAGGTCAGAAGCACGATACATGCATGAGTGCATTTATGTGTACAC	2.08	14.58	6.25	12.5
19:50400951-50401200	TGCATAACGGGGAAGAAGGGGTTAATAAAGGTTCCCGTGAAACAGACTGTTGAGAAGGATCCGGCGTGGATTCAGAACTCTTCAGCTGGGGAACGGTACTGATGAAGAGAAAGAAGAAAGATGAAGACTGAATAAACTGCTGTTAGAAGGACTGGTGGTCGCATCGTTCTTGCTGGTCGAGAGCAGGCGCGACAATTGGTGGCCCGTACGGGGAACCGACTCCCCCGCCGAGTTCAGAACTTTCAGCAG	6.05	4.03	2.82	7.26
X:13257651-13257800	GACCCCCTGCTACAGGGAGGATTCAGAACTGCATAACGGGGAAGAAGGGGTTAATAAAGTGTTCCCGTGAAACAGACTGTTGAGAAGGATCCGGCGTGGATTCAGAACTCTTCAGCTGGGGAACGGTACTGATGAAGAGAAAGAAGAAA	3.38	4.05	3.38	6.76
X:68030651-68031000	CTTGCTTCTTGCTCTCTTGCTTCTTGCTCTCTTGCTTCTTACACGCTTGCTCCTGAAGATGTAAGAAATAAAGCTTTGCCGCAGAAGATTCTGGTCTGTGGTGTTCTTCCTGGCCGGTCGTGAGAACGCGTCTAATAACAATTGGTGCCGAATTCCGGGACGAGAAAAAACTCGGGACTGGCGCAAGGAAGATCCCTCATTCCAGAACCAGAACTGCGGGTCGCGGTAATAAAGGTTCCCGTAAAGCAGACTGTTAAGAAGGATTCAACTACATGAATTCAGAACTTTTCAGCTGGGGAACGGTGGATACCAGTAAGTATAGCTTTACGAGGTACGCCTGGCCTTGAAC	5.17	3.74	4.6	7.18
X:169984901-169985200	CTGTTTAGGAAGAAGACCTGCTTCGACAGTCGAATACCTCCAAATTGTCGTCCTAATGGTATCTGCTGCTCCGCTGACATGCGTGTGATGTCCACAGCTCCCAACCCTCCCGCGATTAGAGAAGAGCTCTGCACCGCTTCCTACGACACCATCACCGTCCACTGGACCTCAGAGGACGAGTTCAGCGTGGTCTCCTACGAGCTCCAGTACACCATATTCACCGGACAAGCCAATGTTGTCAGTGAGTATCTCTCGGCTGATTCCCTTCCGCGTTCGACGACTGTTTTCAGATGAGCTGG	6.38	7.05	3.36	7.05
X:169985551-169986050	GAGCCATCTCACCAGCCCGGATGTAGTTTTAAAAAAGAAGCCGGTAACCACATACACACTGTGAATCCATTGATCACCTCATAACATAGATATCCAAACTCAACCACTCTTACGTAAAATGTATTATCAGAGGTTAAAATTGTAGATATTAATTAGGATTGTTTGTACGGAATAGAGAAAAGTGTGGCAGAAAAGCGGAACGCGCAAAGAGGACGTATATGATACGAAGTGAACTCTCCATAGAGGTAGCACGCTGAGCAGTATTTTATTGATCAAGCCGCATAAAAAGCCAGAAAGCTCTCCGTTTTCCAATGTTCAATGTCCAAATAATCTGCCATTCTGCAGACGTGGCCTGTGACGGCACCTGTCTCCTCGGCTCCGCAGGTCTGTGTAACTCGGCGGACAGCTGGATGATCGTGCCCAACATCAAGCAGAACCACTACACCGTGCACGGCCTGCAAAGTGGCACCAAGTATATCTTCACGGTGAAGGCCATCAA	4.42	8.84	6.22	6.22
X:169988751-169989300	ACTTAAAGGGAGTGTGATCGCCAATAAAGGATCACTTTAAAAAGAAAACACCTGTGGACCACGAGCAAATCTCACCGACAGGCGATGTGATTTTCTTTTTTTTCTCGGCAGGTACGCCATCGGCCTGGCGTACAGATCGGCGCCGAAACACGAGTGGATCGGGAAGAACGCGGCGTCCTGGGCCCTCTGCCGCTGCCACAACCACTGGGCGGTGCGACACGACGGCAAGGAGACCCCCATCGCGCCGGCCCCTCACCTCAGGCGCGTCGGCGTCCTGCTGGACTACGACAACGGCTCCATCGCCTTCTACGACGCTCTGAGCTCCGTCCACCTCCACACCTTCCACGCGGCGCTCGCGCAGCCCGTGTGCCCCACCTTCACCGTGTGGAACAAGTGTCTGACCATCGTCACGGGTCTGCCCATCCCGGACCATCTGGACTGTACGGAGCAGCGACCTTGAGGGACCCGGCCCCACAGCGGCCCCGGGGAGGGACACAGGTGGAGGCCGCTGTTTATGGGGTCGAGAAACTCAGGCTTCCAGAGCGTCGT	9.67	7.3	1.64	5.29
Y:90763001-90763600	AGACAGACATATTTAGACGTAAAGACTTAAAGGGAGTGTGATCGCCAATAAAGGATCACTTTAAAAAGAAAACACCTGTGGACCACGAGCAAATCTCACCGACAGGCGATGTGATTTTCTTTTTTTTCTCGGCAGGTACGCCATCGGCCTGGCGTACAGATCGGCGCCGAAACACGAGTGGATCGGGAAGAACGCGGCGTCCTGGGCCCTCTGCCGCTGCCACAACCACTGGGCGGTGCGACACGACGGCAAGGAGACCCCCATCGCGCCGGCCCCTCACCTCAGGCGCGTCGGCGTCCTGCTGGACTACGACAACGGCTCCATCGCCTTCTACGACGCTCTGAGCTCCGTCCACCTCCACACCTTCCACGCGGCGCTCGCGCAGCCCGTGTGCCCCACCTTCACCGTGTGGAACAAGTGTCTGACCATCGTCACGGGTCTGCCCATCCCGGACCATCTGGACTGTACGGAGCAGCGACCTTGAGGGACCCGGCCCCACAGCGGCCCCGGGGAGGGACACAGGTGGAGGCCGCTGTTTATGGGGTCGAGAAACTCAGGCTTCCAGAGCGTCGTGACATCTTCCCCAATCTGTCCAGAAA	9.03	7.53	2.01	5.18
Y:90763001-90763600	AGACAGACATATTTAGACGTAAAGACTTAAAGGGAGTGTGATCGCCAATAAAGGATCACTTTAAAAAGAAAACACCTGTGGACCACGAGCAAATCTCACCGACAGGCGATGTGATTTTCTTTTTTTTCTCGGCAGGTACGCCATCGGCCTGGCGTACAGATCGGCGCCGAAACACGAGTGGATCGGGAAGAACGCGGCGTCCTGGGCCCTCTGCCGCTGCCACAACCACTGGGCGGTGCGACACGACGGCAAGGAGACCCCCATCGCGCCGGCCCCTCACCTCAGGCGCGTCGGCGTCCTGCTGGACTACGACAACGGCTCCATCGCCTTCTACGACGCTCTGAGCTCCGTCCACCTCCACACCTTCCACGCGGCGCTCGCGCAGCCCGTGTGCCCCACCTTCACCGTGTGGAACAAGTGTCTGACCATCGTCACGGGTCTGCCCATCCCGGACCATCTGGACTGTACGGAGCAGCGACCTTGAGGGACCCGGCCCCACAGCGGCCCCGGGGAGGGACACAGGTGGAGGCCGCTGTTTATGGGGTCGAGAAACTCAGGCTTCCAGAGCGTCGTGACATCTTCCCCAATCTGTCCAGAAA	9.03	7.53	2.01	5.18
