seq_name	sequence	per_CG	per_CA
1:74191551-74191600	ACACATACACTGACACACACCACACACACATATACCACGCATACATACA	2.08	31.25
1:81692651-81693100	GCTGGATCCTTCTCAGCAGTCTGTTTTACGGGAACCTTCATTACCACCGTTCCCCAGCTGAAGAGTTCTGAATCCACGCTGGATCCTTCTCAGCAGTTTGTTTTACGGGAACCTTTATTACCACCGTTCCCCAGCTGAAGAGTTCTGAATCCACGCTGGATCCTTCTCAGCAGTCTGTTTTACGGGAACCTTTATTACCATCGTTCCCCAGCTGAAGAGTTCTGAATCCACGCTGGATCCTTCTCAGCAGTCTGTTTTACGGGAACCTTCATTACCACCGTTCCCCAGCTGAAGAGTTCTGAATCCACGCAGTCGGATCCTTCTCAGCAGTCTGTTTTGCAGGAACACTTCATTACCACCGTTCCCCAGCTGAAGAGTTCTGAATCCATGCTGGATCCTTCTCAGCAGTCTGTTTTACGGGAACCTTCATTAACCGCTCCTTCCCCGTG	3.79	7.59
1:132072551-132072600	CATATACACACACAAGTACACACTCACAGATACACTCACGCACATTCAC	2.08	29.17
1:181751451-181752050	GTACATCTCATGTGACCCGTTCTCCCTAACATACATGTCATGTGACACATTCTCCCTAACGTGCATCTCATGTGACACGTTCTCCCTAACATACATGTCATGTGACACGTTCTCCCTAATGTACATCTCATGTGACACGTTCTCCCTAACGTACATGTCATGTGACACATTCTCCCTAACGTGCATCTCATGTGACACGTTCTCCCTAACATACATGTCATGTGACGCGTTCTCCCTAACATACATCTCATGTGACGTGTTCTCCCTAACATACATGTCATGTGACACATTCTCCCTAACGTGCATCTCATGTGACATGTTCTCCCTAACATACATGTCATGTGACACGTTCTCCCTAATGTACATCTCATGTGACACGTTCTCCCTAACATACATGTCATGTGACGCGTTCTCCCTAACATACATCTCATGTGACGTGTTCTCCCTAACATACATGTCATGTGACACATTCTCCCTAACGTGCATCTCATGTGACATGTTCTCCCTAACATACATGTCATGTGACGCATTCTCCCTAACATACCTGTCATGTGACACGTTCTCCCTAGGTGTTCTTGAGGCTCAAGAAGATTTTAAAT	3.34	11.2
1:188793451-188793600	TGTGTCTGTGTGTGTGTCTGTATGTGTCTGTGCGTGTGTGTCTGTGTGTCTGTGTATGTGTGTCTGTGTGTCTGTATGTGTCTGTGTGTGTCTGAATGTGTCTGTGTGTGTGTCTGCATGTGTCTGTGCGTGTGTGTCTGTGTGTCTGT	1.35	0.68
1:188793801-188793950	TGTCTGTATGTGTCTGTGCGTGTGTGTCTGTGTGTCTGTGTGTGTGTGTCTGTGTGTCTGTATGTGTCTGTGTGTGTCTGTATGTGTCTGTGTGTGTGTCTGTATGTGTCTGTGCGTGTGTGTCTGTGTGTCTGTGTGTGTGTCTGTGT	1.35	0
2:11744301-11745050	CACAGCGTATTCCTGTCTCCACTGCGTGTTCCTGTCTCCACTGCGTGTTCCTGTCTCCACTGCGTATTCCTGTCTCCACTGCGTATTCCTGTGTCCACTGCGTATTCCTGTCTCCACTGCGTATTCCTGTCTCCACTGCATATTCCTGTCTCCACTGCGTGTTCCTGTCTCCACTGCATATTCCAGTCTCCACTGCGTATTCCTGTGTCCACTGCGTATTCCTGTGTCCACTGCGTATTCCTGTCTCCACTGCATATTCCTGTCTCCACTGCGTATTCCTGTGTCCACTGCGTATTCCTGTGTCCACTGCGTATTCCTGTGTCCACTGCGTATTCCTGTCTCCACTGCATATTCCTGTGTCCACTGCGTATTCCTGTGTCCACTGCGTATTCCTGTCTCCACTGCGTATTCCTGTGTCCACTGCGTATTCCTGTGTCCACTGCGTATTCTTGTCTCTACTGCGTATTCCTGTCTCCACTGCGTGTTCCTGTCTCCACTGCATATTCCAGTCTCCACTGCGTATTCCTGTGTCCACTGCGTATTCCTGTGTCCACTGCGTATTCCTGTCTCCACTGCATATTCCTGTCTCCACTGCATATTCCTGTGTCCACTGCGTATTCCTGTGTCCACTGCGTATTCCTGTCTCCACTGCGTATTCCTGTGTCCACTGCGTATTCTTGTCTCCACTGCGTATTCCTGTCTCCACTGCGTATTCCTGTGTCCACTGCGTATTCTTGTCTCTACTGCGT	4.41	6.42
2:73817701-73817750	ACTAGTGGAAGATGCACACACACGCGCGCGCGCGCACACACACACACAC	12.5	22.92
2:167990651-167990800	CACACAGCACACACGCATACACACACAGCACACACACATACACACACAGCACACATATACACACACAGCACACACATACACATATACACAGCACAGACACACATAGCACACACCACATACACACCACACACACATACGCATATACACAG	1.35	37.16
3:16011801-16011850	AATTGTCGCGCCCGCTCTCGACCAGCAAGAACAACGCGACCACCAGTCC	12.5	10.42
3:84411001-84411050	CACATACACACACTCACACGTACTCACATGTTTACACACTTACACACAC	2.08	29.17
3:96842701-96842750	GCTTGTAGGGATGGGGCGTGATGTGTGTGTCTGTGCACATGTATGTGGG	2.08	4.17
3:103955501-103956150	ATGTGACTCAATCGATAGAATACTTGCTCAGCATGTATTTTCTTTTCTTTTTTCTCTTTATATGTGTGTTGTACTAGTATGGTATTTGTACGTGTACTTGTGGATGTATGCACATGTGTTGTACGAGTATGGTATTTGTACGTGTACTTGTGGATGTATGCACATGTGTTGTACGAGTATGGTATTTGTACGTGTACTTGTGGATGTATGCACATGTGTTGTACGAGTATGGTATTTGTACGTGTACTTGTGGATGTATGTACATGTGTTGTACGAGTATGGTATTTGTACGTGTACTTGTGGGTGTATGCACATGTGTTGTAAGAGTATGGTATTTGTAAGTGTACTTGTGGATGTATGCACATGTGTTGTACGAGTATGGTATTTGTACGTGTACTTGTGGATGTATGCACATGTGTTGTACGAGTATGGTATTTGTACGTGTACTTGTGGGTGTATGCACATGTGTTGTACGAGTATGGTATTTTTACGTGTACTTGTGGATGTATGCACATGTGTTATACGAGTATGGTATTTGTACGTGTACTTGTGGGTGTATGCACATGTGTTGTACAAGTATGGTATTTGTACGTGTACTTGTGGATGTATGCACATGTGTTGTACGAGTATGGTATTTGTACGTGTACTT	3.24	3.86
3:116288151-116288200	CAACACATACACGGCACACTACACACACATCACTCGTACACAATACACA	4.17	31.25
3:116843451-116843750	ATAACTATCACACTCACAGACATAGATACGTAACTATCACACTCACAGACATGGATACATAACTATCACACTCACAGACATGGATACATAACGATCACACTCTCAGACATGGATACATAACTATCACACTCACAGACATGGATACATAATGATCACACTCACAGACACGGATACATAACTATCACACTCACAGACACGGATACATAACGATCACACTCACAGACACGGATACATAACTATCACACTCACAGACATGGATACATAACTATCACACTCACAGACACGGATACATAACTATC	2.35	19.46
4:149881501-149881550	AACACACAGAGACGCATACACACAGAAACACAAATATAGACACACACAT	2.08	27.08
5:100017751-100017800	GGCGCACATCACCCACACAGAAACACATACATGCATGTACACATAAACA	2.08	27.08
5:106779901-106779950	GCACAATAAACACATACATATAAACACACACAGATGCACGCATGCACAC	2.08	27.08
5:117435051-117435150	CACACCCACACACTCACTCACACACACGCAGCCATACACATACACACTCACACACTCTCACGCACAGTCATATACATATTCACACACACTCTCACACAT	2.04	31.63
5:119728701-119728750	TGTATAGGGGTATGAGTGTGTGTGTCTATGCGTGTGTACATGTGAGTGT	2.08	2.08
5:120640351-120640400	GCACACACATGCACAAACACGTGTGTACACACTCAAACATGCAAACATG	2.08	27.08
5:121036201-121036250	TGTGTATGTTTGTTTTGTGGTGTGTGTGTATGTATACGTGTTGTGTGTG	2.08	0
5:137488801-137488850	ACATACACACATACACACACAATACACATACGCACACATACACACATAA	2.08	33.33
6:134691751-134692150	AGCAACCACTGACTGCTGAAAGTTCTGAACTCGGTGGGGGAGTCGGTTCCCCGTACGGGCCACCAATTGTCGCGTCTGCTCTCGACCAGCAAGAACGACACGACCACCAGTCCTTCTAACAGCAGCTTATTCAGTCTTCATCTTTCTTCTTTCTCTTCATCAGTACCGTTCCCCAGCTGAAGAGTTCTGAATCCACGCCGGATCCTTCTCAACAGTCTGTTTTACAGGAACCTTTATTAACAGCTCCTTCCCCATGATGCAGTTCTGAATCCTCCCTGTAGCAGGGGGTCTTCGCTCGTGCCTGAAGATGTTTCTTGTCCCGGGTTTCGGCACCAACTCTCGAGCGCGCCCCCAACTCGCCAGCAAGAACGACGCTGCTACAGGATCCTTCTGCACACG	5.78	8.04
6:136328501-136328950	GTAAATAAAAAATTTTAAGGTCTTTCAGCGGAATCGGGATCATGGCGACCACGACCAGGATGGCGACGTCTGGCTCGGCGCGGAAGCGGCTGCTCAAAGAGGACGGCATGACCAAAGTGGAGTTCGAGACCAGCGAGGAGGTGGACGCGACCCCCACGTTCGACACCATGGGCCTGCGAGAGGACCTGCTGCGCGGCATCTACGCCTACGGTTTTGAAAAACCTTCAGCGATCCAGCAGCGTGCTATCAAGCAGATAATGAAAGGGAGAGATGTCATCGCACAGTCTCAGTCTGGCACAGGCAAGACGGCCACCTTCAGTATCTCAGTGCTCCAGTGCTTGGATATCCAGGTTCGAGAAACCCAAGCTTTGATCCTGGCTCCAACCAGAGAGTTAGCGGTGCAGATTCAGAAGGGTCTGCTCGCTCTGGGAGATTACATGAACGTGCAG	6.7	8.04
7:6251701-6251950	CACTGACTGCTGAAAGTTCTGAACTCGGTGGGGGAGTCGGTTCCCCGTACGGGCCACCAATTGTCGCGCCCGCTCTCGACCAGCAAGAACGACGCGACCACCAGTCCTTCTAACAGCAGTTTATTCAGTCCTCATCTTTCTTCTTTCTCTTCATCAGTACCGTTCCCCAGCTGAAGAGTTCTGAATCCACGCCAGATCCTTCTCAACAGTCTGTTTTACGGGAACACTTTATTAACCCCTTCTTCCCCG	6.05	7.66
7:128204251-128204450	TGCGTGCCTGTGTGTGTATATATGAGTGCGCATATGTACATGTGTATATGACTGTGTGTGTGCATGTGTGCGCACATGCATGCACATGTGTGTGTTTGTGTGTATTGTGTGCCTGTGTGCATGAGTGTTTGTGTGCACATGTGTGTATATGAGTGCGCATATGTGCATATGTATATGACTGTGTGTGTGCGTGTGTGTG	2.53	6.57
7:133593101-133593150	AAACACGCACACACATACACACACACTGACACACACACATACACACACA	2.08	37.5
8:27074051-27074100	TGTGAGTGTGTGAGTGTGTGAGTGTGTGTGTATGTTAGTCGTGTGTGTG	2.08	0
8:27074401-27074450	TATGTTAGTCGTGTATGTGAGTGTGTGAGTGTGTGTATGTTAGTCATGT	2.08	2.08
8:117729451-117729750	TGAACGTGTGTGTTTGCGTGTGTGGCTGTGAGAGCATGTGTGTGTCTGTGTGTGAGCATGTGTATCTGTGTGTATAATGTGTGAGTGTGTGTATATATGTGTGGTGTATGTATATGTGATGTGTGTATGTGCCCTGTGTCTGTGTGCGAGGGTGTATGGTATGTGTGCTTGATGTATGTGAGTGTGAATGTGTATATATGTGTGCATTCAAGAGCATGTGTGTGTGGTGTATGTGGGTGAGTGCGTGTATATGTGTGTGATGTGTAGTAAATGTGTGTGTGAGCATGAGTACGTGTGTA	1.68	2.01
8:118439051-118439250	CATACACAGATACTGCACACAAATAACACACATGCGCACACACATGCATACATGCTACATATACTACACATACAATATACACATACTACATGCACACACATATACTACATACTCATGTACACGCATATACTACATGCACATGTACATAACACACATACACACATATGCACACGTACTACATATACTACACATACTATAC	1.52	22.73
8:124507351-124507400	ACACGTACATACACATACACACACATAAACACACATACACATATACACA	2.08	31.25
9:46964951-46965000	GTGTGTGAGAGAGAGTATGTATATGAGAGTGTATATGTTTTTGTTAGCG	2.08	0
9:46965101-46965200	GTGTACGTGTAAGAGAGTACGTATATGAGCATGTGTATGTTTTTGTTAGTGTGTGTGTATGTGAGAGTGTGTGAATGTGCGTATGTGTGATTGTGTGTA	3.06	1.02
9:102758051-102758200	ACACACATCTACACATTCAGCACATGTGCACACCATACATACGTGCATACCACCACAATACCCACCACGCACATACACACACATACACACACCACACTCTTACACACATACACACACCATGTACACTCCCTTCATACGTGTACAGAATG	2.03	26.35
10:39971401-39972150	TGTAAGATCTCTGCACACACTGTCTCGTACTTACACATGACGTAAGATCTCTACACACACCGTCTCATACTTACACATGATGTAAGATCTCTACACACACCGTCTCATACTTACACATGACGTAAGATCTCTGCACACACTGTCTCGTACTTACACATGACGTAAGATCTCTGCACACACTGTCTCGTACTTACACATGACGTAAGATCTCTACACACACCGTCTCATACTTACACATGATGTAAGATCTCTACACACACCGTCTCATACTTACACATGACGTAAGATCTCTGCACACACTGTCTCGTACTTACACATGACGTAAGATCTCTACACACACCGTCTCATACTTACACATGATGTAAGATCTCTACACACACCGTCTCATACTTACACATGACGTAAGATCTCTGCACACACTGTCTCGTACTTACACATGACGTAAGATCTCTGCACACACTGTCTCGTACTTACACATGACGTAAGATCTCTACACACACTGTCTCATACTTACACATGACGTAAGATCTCTACACACACTGTCTCGTACTTACACATGACGTAAGATCTCTACACACACTGTCTCATACTTACACATGATGTAAGATCTCTACACACACCGTCTCATACTTACACATGACGTAAGATCTCTACACACACTGTCTCATACTTACACATGACGTAAGATCGCTGCACACACTGTCTCGTACTTACACATGACAGCCAACCAGGCACATTAGCAAAGGCTT	3.88	14.17
10:62223901-62223950	GTATATACACACACACACACACACACATATGAACACATACACACACACA	0	35.42
10:67942951-67943150	TGTGTGTGCATATACGTGTGTTGTCTATGTGTGAATGTGTGTGTGTGTGCATATACGTGTGTTGTCTATGTGTGAATGTCTGTGTGTGTGCATATACTTGTGTTGTCTATGTGTGAATGTGTGTGTGTGCATATACGTGTGTTGTCTATGTGTGAATGTCTGTGTGTGGGCATATACGTGTGTTGTCTATGTGTGAATG	2.02	2.53
10:95865401-95865500	TGTGTGTATGCATGTGTATGTGTGTATGGGTATGTGTATACCTATGCGTGTGTGTATATGTCCACATGTGTGTATGTGTGTATATGCGTGTCTCTGTGT	2.04	3.06
10:126922251-126922300	CATAGACAAAAACACGCATACACACACGCAACAGAGACACAAACATACA	4.17	27.08
11:3825051-3825100	CATACACCTCCCGGTCAGGGCTACCGAGGAGTACCCTACACATACACCT	4.17	12.5
11:61594201-61594250	TGTTGAGAAGGATCCGGCGTGGATTCAGAACTCTTCAGCTGGGGAACGG	6.25	4.17
11:67678801-67678850	TATGTATGTGTGTGTCTATGTGTGTCTGTGTGTATGTATGTGCGTGTAT	2.08	0
11:72468001-72468050	CACTATCTCTTACACACAGTCACACATACTCTCACACACACACGCACAC	2.08	29.17
11:74376701-74376750	CACACAGCATACACATACAACATACACAAACACACATGCGTACAACACA	2.08	33.33
11:116944051-116944100	CACACACAGTCGCACATACACACGCACACACACAGACATACAGTCACAT	4.17	35.42
11:120043151-120043200	TATGTATGTGTGTGTATGTATGCGTGTGTGTGTATGTATGTGTGTATGT	2.08	0
12:22440901-22440950	GTGTGCGTGTTTTTGTGGGGGCATGGTTATGTGTGTGTGTTTGGTGTAT	2.08	2.08
12:23775301-23775350	TGGTATATGTGCGTGTGCGTGCTTTTGTGGGGGCATGATTATGTGTGTG	4.17	2.08
12:69460101-69460150	TACAACATACACAACACACAGAAACAAACACATACACCGCACACAAACA	2.08	31.25
12:114014301-114014650	TGTGTGTACACATCATCTCGTATATATCATCCATGTGTGTACACATCATCTCATATATATCATCCATGTGTGTAGGTATCATTTCGTACATATCATCCATGTGTGTACACATCATCTCATACATATCATCCATGTGTGTACATATCATCTCATACATATCATCCATGAGTGTACGTACCATCTCGTACATATCATCCACATGTGTATACATCATCCTGTACATATCATCCAAGTGTGTACACATCCTCTTGTACATATCATCCATGTGTGTAGGTATCATTTCGTACATATCATCCATGTGTGTACACATCATCTCGTATATATCATCCATGTGTGTACACATCATCTC	1.72	15.8
13:8769851-8770150	ACGTGTGATGTGTCTGTGTGGTGTGTAGTGGGTGTGTGTCTGTGTGGTGCGTGGTGTGTGGTATGTGTGTGTCTGTGTCTCTGTGTGTGTGGTATGTGTGTACGTGTGCATGGGTACATGTGTGTGTGCACATCTATTGTGTCTGTGTGGTGTGTGGTGGGTGTGTGTCTGTGTGGTGTGTGGTATGTGTGTGTGTCTGTGTCTCTGTGTGTGTGGTGTGTGTGTACGTGTGCATGGGTACATGTGCGTGTGCACATGTGATGTGTCTGTGTGGTGCGTGGTGTGTGGTATGTGTGTGT	2.01	2.68
13:49800051-49800250	AAAGGTGGTAATAAAGTGTTCCCGTAAAACAGACTGTTGAGAAGGATCCGGCGTGGATTCAGAACTCTTCAGCTGGGGAACGGTACTGATGAAGAGAAAGAAGAAAGATGAAGACTGAATAAACTGCTGTTAGAAGGACTGGTGGTCGCATCGTTCTTGCTGGTCGAGAGCGGGCGTGACAATTGGTGGCCCGTACGGG	5.56	2.53
13:65378751-65379100	GCGTATGAGGCATGTGTTGAGGCATGTGTTGAGGCATGTGTGAGGCGTGTGTGGTGTGTGTGTGTGTGTGAGGCTAGTGTGAGGCATGTAAGACATGTGTGAGGCGTGTGTATGAGGCCTGTGAGGTATGTGTGTGAGGCATGTGTGGTGTGTGTGTGAAGCTAGTGTGAGGCATGTGAGAGATGTGTGAGAGGCATGTGTGAGGCGTTGGAGGTATGTGTGTGTGTGTGTGTGTGTGTGTGTGTGTGTGTGTGAGGCTAGTGTGAGGCATGTGAAACATATGTGAGACGTGTTTGTGAGGCTCGTGTGAGGAGCATGTGAGGCGTGTGTGTGAAAAGCACACAGGAGA	2.01	4.02
13:65451001-65451050	TGTGTGAGGCGTTGGAGGTATGTGTGTGTGTGTGAGGCTAGTGTGAGGC	2.08	0
13:65782751-65783100	CACACACACCTCTTATGCCTCACACACGCCTCACACACATACCTCACAGGCCTCACACACACCTCACACATGTCTCACATGCCTCACACTAGCCTCATACACACACGCACAAACACCATACACGCCTCACACACACAACCTCTCATGCCTCACACATGCCTCACACATAGGCCTCACACTAGCCTCACACACACACCACACATGCCTCACACATGCCTCAACATATGCCTCATACGCACCACACACACACACACACACACACACACACACACACACTCCGCATGCATTCTTCCTTCACTCACTCGCTCTCCACCGGCTCTTCTCAGGCTCTCTCGCCTTCTTCTTGCCC	2.3	24.71
13:66639851-66640100	AGATATGTGTGAGGCGTGTGTGTGAGGCCTGTGAGGTATGTGTGTGAGGCGTGTGTGGTGTGTGTGTGAACCTACTGTGAGACATTTGAGACATGTGTGAGAGGCATGTGGGAGGCGTGGGAGGTGTGTGTGTGTGTGTGAGGCTTGTGTGAGGCATGTGAGACATGTGTGAAGCATGTTTGTGAGGTATGTGTGTGGTGTTGTGAGGCGTGTGTGTGAAAAGCACACAGGAGAAAGCAGAGCTCGCAG	2.02	4.44
13:66714451-66714500	TGTGAGGCTAGTGTGAGGCATGTGAAACATGTGTGAGACGTGTTTGTGA	2.08	4.17
14:4822151-4822200	TGTGTGTGCATGTGTGTGTATGTGTGTGTGTGCGTGTGTGTGTGTGTGT	2.08	2.08
14:86914001-86914050	CGGATCCTTCTCAACAGTCTGTTTTACGGGAACACTTTATTAACCACTC	4.17	8.33
14:91992551-91992900	CGAGCGAAGACCCCCTGCTACAGGGAGGATTCAGAACTGCATCACGGGGAAGGAGTGGTTAATAAAAGTTCCCGTAAAACAGACTGTTGAGAAGGATCCGGCGTGGATTCAGAACTCTTCAGCTGGGGAACGGTACTGATGAAGAGAAAGAAGAAAGATGAGGACTGAATAAACTGCTGTTAGAAGGACTGGTGGTCGTGTCGTTCTTGCTGGTCGAGAGCAGACGCGACAATTGGTGGCCCGTACGGGGAACCGACTCCCCCACCGAGTTCAGAACTTTCAGCAGTCAGTGGTTGCCGGCAGGGTAAGTTCACGGTGAGTGAAACTTGCGACCCCAGGAGTTTGGGAA	5.46	4.89
15:9015901-9016350	ATACACACGCATGTACACACGCACTCCCCTGCTGCACACTCACAAGTGCACATATACTACAAATGCATGATACACACGCATGTACACACGCACTCCCCTGCTGCACACTCACAAGTGCACATATACTACAAATGCATGATACACACGCATGTAGACACGCACTCCCCTGCTGCACACTCACAAGTGCACATATACTACAAATGCATGATACACACGCATGTAGACACGCACTCCCCTGCTGCACACTCACAAGTGCACATATACTACAAATGCATGATACACACGCATGTACACACGCACTCCCCTGCTGCACACTCACAAGTGCACATATACTACAAATGCATGATACACACGCATGTACACACGCACTCCCCTGCTGCACACTCACAAGTGCACATATACTACAAATGCATGATACACACGCATGTACACACGCACTCCCCTGCTGC	3.12	19.64
15:77030501-77030550	GTGTGTTCATGTCTTTGTGTATGCATGTGTCTACGTGTCTATGTGTGTA	2.08	4.17
15:96480751-96480800	TTGTGTGTGCGTTGTGTGTGTATGTGTGTGTTTGCGTGTGTATGTGTGT	4.17	0
15:97662401-97662600	TACATACACACATACATATACACGCATACACACATATATACATACATACATACACACATGCATACATACATGCATACACACATACATATACACGCATACACACATATATACATACATGCATACACACATGCATACATACATGCATACACACATACATATACACGCATACACACATACATACACACACATGCATGCATGC	1.52	27.78
15:98937901-98937950	CACACACACACACTCACACACACACTCACACACACACACACCCACGCAC	2.08	41.67
15:98938051-98938150	CACACACACACGCACACACTCACACACACACACACACACACTCACTCACACACACACACACACACACACACACACACATGCGCCCCCGCAAACTCTGTA	3.06	36.73
15:99871451-99871500	ACGCATACAGACATACATATACACACATACAAACATACACGCATACACT	4.17	25
15:102020701-102020800	CACACATACAGACACGCACACTCACTCATGTACAGACACGCATGTATACACATACACATGTACACACACGTACACACAGACACACAGGTTTGCACGAGA	4.08	26.53
15:102367501-102367600	ATGTGTGAGTGTGCATTTGTGTGTACGTGTATGCGTGTATATGTGTATGTGTGTGCATATATGTGAATGTATGTATATGTATGTGTGTTCGTGTATGTG	3.06	2.04
16:48540551-48540650	CTGCATCACGGGGAAGGAGTGGTTAATAAAAGTTCCCGTAAAACAGACTGTTGAGAAGGATCCGGCGTGGATTCAGAACTCTTCAGCTGGGGAACGGTA	5.1	5.1
16:95873301-95873350	ATACACGTATCATACACACACCATACACACTACACATGCACGAATACAT	4.17	25
16:95873451-95873500	GCATGCACGTGCAACCACACACACTTGTACACACTACATGTACTTACAT	2.08	22.92
17:17167801-17168050	CTCAACAGTCTGTTTTACGGGAACCTTTATTAACCACTTCTTCCCCGTTATGCAGTTCTGAATCCTTCCTGTAGCAGGGGGTCTTCGCTCTTGTCTGAAGATGTTTCTTGTCCCGGGTTTTCTTGTATTTTCTCGTCCCGGGTTTTCTCGTCCCGTCCCGAGTTTTTCTTCCCGGGTTTCGGCACCAACTGTTGCGCGCGCTCAACAGGCCAGGAAGAACGACGCTGCTACAGGATCCTTCTGCACACG	6.85	5.24
17:21150951-21151000	CAGTTCTGATTTTGTGTAAGAGTTTGTATGCGTGTGTTCCTGTGTGTGT	2.08	2.08
17:28108351-28108500	TGAGTGTATATACGTAGCAAGCATGTGTGTATGGATGACTGTGTCTGTGTCTGAGTGTGTGGGTTTGGAGTGTGTGTGCATGTGTATGGCTGTGTGTGTGTTTTGAGTGTAAGCATGTATGTGCGTGAGCGTGTATATGTAAGTATGTG	2.03	2.7
17:30652251-30652300	ATATACACACTCACACACACATACACACATGCACACATACACGCACATA	2.08	33.33
17:87694351-87694900	TGTAAGGTGGAGAGAGAGCCGGCTAAGTGTGTAAGATGGAGAGAGAGCCGGCTAAGCGTGTAAGGACTGGAGAGAGAGCCGGCTAAGCGTGTAAGGTGGAGAGAGAGCCGGCTAAGTGTGTAAGATGGAGAGAGAGCTGGCTAAGCGTGTAAGATGGAGAGAAAGCCGGCTAAGCGTGTAAGGTGGAGAGAGAGCCGGCTAAGCGTGTAAGGTGGAGAGCGAGCCGGCCAAGCGTGTAAGGTGGAGAGCGAGCCGGCTAAGCGTGTAAGGTGGAGAGCGAGCCGGCTAAGCGTGTAAGGTGGAGAGCGAGCCGGCTAAGCGTGTAAGATGGAGAGAGAGCCGGCTAAGCGTGTAAGATGGAGAGAGAGCCGGCTAAGCGTGTAAGATGGAGAGAGAGCCGGCTAAGCGTGTAAGGTGGAGAGAGAGCCGGCTAAGCGTGTAAGGTGGAGAGAGAGCCGGCTAAGCGTGTAAGATGGAGAGAGAGCCGGCTAAGCGTGTAAGATGGAGAGAGAGCCGGCTAAGCGTGTAAGGTGGAGAGAGAGCTGGCTA	6.75	0.18
18:53960201-53960650	GTGTACACTTCACGTTGTACTGACTGGAACACCTCAGTGTACACTTCACGTTGTACTGACTGGAACACCTCAGTGTACACGTTGTACTGATTGGAACACCTCAGTGTACACTTCACGTTGTACTGATTGGAACACCTCAGTGTACACTTCACGTTGTACTGACTGGAACACCTCAGTGTACACTTCACGTTGTACTGACTGGAACACCTCAGTGTACACTTCACGTTGTACTGATTGGAACACCTCAGTGTACACTTCACGTTGTACTGACTGGAACACCTCAGTGTACACTTCACGTTGTACTGATTGGAACACCTCAGTGTACACTTCACGTTGTACTGATTGGAACACCTCAGTGTACACTTCACGTTGTACTGACTGGAACACCTCAGTGTACACTTCACGTTGTACTGACTGGAACACCTCAGTGTACACTTCACGTTGTACTG	2.9	10.94
